id,type_id,name,product-quanty,fav,display_price,price,img-cover,img-1,img-2,img-3,release_time,language,rating_id,co-op_valid,description,member_id,created_at,valid,exist_valid
1,2,探靈直播,,,1090,981,Livestream.jpg,Livestream-0.jpg,Livestream-1.jpg,Livestream-2.jpg,2021-12-16,"[CH,EN]",3,0,故事描述在櫻井的提案下，身為實況主的生駒、櫻井和白石三人 前往知名恐怖景點「伊邪那美酒店」拍攝些鬼影幢幢的影片。 原本她們只是想渲染些特效， 能夠平安無事地結束拍攝就好，沒想到…… 在攝影期間，走散的生駒被突如其來的人偶給襲擊， 之後一直徘徊在酒店裡的三人數度遭受威脅。 為何人偶不斷襲擊三人，又為何始終會走不出酒店呢？ 究竟三人能否平安無事地逃離酒店呢？ 在廢棄酒店裡的直播即將開始…… <遊戲概要> 本作為解謎脫逃之冒險遊戲。角色人物需逃離殺人玩偶的魔掌， 並在廢棄酒店裡尋找相關逃脫之線索。 玩家的每個決定都將影響她們的生死。 <系統> ■ 躲藏並逃離人偶吧！ 在廢棄酒店裡到處探險時，一身血漬拿著斧頭的人偶， 開始追著直播的三人！ 當遇到人偶時，必須要趕緊逃開、或是藏身避開人偶的追擊。 要是被一刀給劈下，必死無疑。（遊戲結束） ■ 這是詛咒！？ 直播的女孩們面臨到危及生命的生存危機！ 在廢棄酒店中將面臨各種危機。 調查周遭以獲得相關的線索，善用道具化解生存的危機。 你甚至可以在她們最危機的時刻， 伸手觸碰她們……這難道也是種詛咒！？ ■ 善用提示和道具，這些將能協助找到逃脫的線索！ 在廢棄酒店內尋找各項道具和提示。 搜索房間內的各個角落，以獲得相關的提示。 這將大大改變這些女孩們的命運…… ※ 《探靈直播》中不支援觸控螢幕功能。,1,2023-09-08 10:09:00,1,
2,4,羅德斯島戰記 蒂德莉特的奇境冒險,,,1400,1260,RecordofLodoss-War.jpg,RecordofLodoss-War-0,RecordofLodoss-War-1,RecordofLodoss-War-2,2021-12-16,,2,0,"是由水野良撰寫的奇幻小說，描述了被詛咒的島嶼 “羅德斯島” 上的英雄們的興衰和冒險傳說。《羅德斯島戰記》在日本以「奇幻世界的里程碑」而聞名，也是輕小說的先驅，目前是暢銷小說作品之一，發行累積數超過 1000 萬冊。作品跟許多媒體聯動進行了動畫化，也曾推出過前傳作品《羅德斯島傳說》，續作《新羅德斯島戰記》，2019 年發行了續篇《羅德斯島戰記 誓約之寶冠》。
　　本篇中的主角是一位年輕的戰士 “帕恩”，女主角是永遠的少女精靈 “蒂德莉特”。此外，還與神官 “埃特” 和魔法師 “史列因” 等許多伙伴一起踏上前往羅德斯島之旅。
遊戲故事描述蒂德莉特醒來時，發現身處陌生的地方。到底這兒是哪裡？回答的只有寂靜無聲的空氣。蒂德莉特為了尋找答案，徐徐地邁出第一步…
　　迷宮的神秘面紗終於在完成版中揭曉。遊戲故事將掀起小說《羅德斯島戰記》最新作品《誓約之寶冠》的高潮……
　　操縱各種武器和魔法力量，走進廣大迷宮的探索型動作遊戲。透過「靈魂流」強化精靈，讓玩家在推進戰鬥時更有利，發揮「精靈希魯芙」和「精靈沙羅曼蛇」2 種精靈力量和操縱弓箭，突破各種關卡。",2,2023-09-09 10:09:00,1,
3,8,死亡微笑 I?II（DEATHSMILES I?II）,,,1300,1170,DeathSmiles.jpg,,,,2021-12-16,,3,1,,3,2023-09-10 10:09:00,1,
4,3,PUI PUI 天竺鼠車車 一起來！天竺鼠車車派對！,,,1290,1161,PUIPUI.jpg,PUIPUI-0.jpg,PUIPUI-1.jpg,PUIPUI-2.jpg,2021-12-16,,1,1,"人氣作品《PUI PUI 天竺鼠車車》的遊戲終於在 Nintendo Switch 登場，《PUI PUI 天竺鼠車車 一起來！天竺鼠車車派對！》的舞台是全新的城鎮──天竺鼠鎮。和天竺鼠車車們一起打造多彩多姿的城鎮，一起來參與熱鬧的派對。作中共有 10 種各具特色的小遊戲，包含「天竺鼠節奏」、「天竺鼠足球」、「天竺鼠警察抓小偷」等，與朋友分享 Joy-Con，最多可以 4 人對戰同樂，不論單人還是多人都能開心遊玩。只要持續發展城鎮建設，天竺鼠車車就會來到天竺鼠鎮遊玩，玩家能遇見 40 種以上的天竺鼠車車，玩家可以餵食喜歡的天竺鼠車車或是摸摸牠，增進感情。在有很多天竺鼠車車的地方放置食物的話，天竺鼠車車們也會蜂擁而至。
　　此外，玩家也可利用種類豐富的裝飾品打造自己喜歡的模樣，自由搭配 80 種以上的裝飾品，還有許多只出現在此的遊戲原創裝飾品。打造出自己喜歡的模樣後，也可照相館拍下照片分享給大家。",4,2023-09-11 10:09:00,1,
5,2,舊書店街的橋姬 NOMA,,,1500,1350,NOMA.jpg,,,,2021-12-16,,4,0,,5,2023-09-12 10:09:00,1,
6,2,迪士尼魔法城堡 我的快樂生活 2：Enchanted Edition,,,990,891,MagicCastle2.jpg,MagicCastle2-0.jpg,MagicCastle2-1.jpg,MagicCastle2-2.jpg,2021-12-02,,2,0,"夢想世界即將綻放閃耀光芒！
和米奇們一起成為夢想世界的居民，與迪士尼朋友們一起出門遊玩、購物、打扮、釣魚、慶祝生日、參加舞會等，體驗各種令人興奮的事件。
盡情在專屬於你的夢想世界遊玩吧！
魔法城堡中還有「冰雪奇緣」、「小美人魚」、「白雪公主」……等六個世界，可以和喜歡的角色們一起冒險。
遊戲內將有超過100個迪士尼角色登場！
你還可以收集材料製作服裝與家具，並裝飾咖啡廳來招待迪士尼朋友們。
到了夜晚還能看到閃亮耀眼的燈光秀……有各種遊玩方式！
好好享受在魔法王國中的璀璨時間吧！

※本製品為2015年發售的3DS版「Disney 魔法城堡 我的快樂生活2」的移植版，但部分內容會因硬體不同而有差異。",1,2023-09-13 10:09:00,1,
7,4,鏟子騎士：口袋地城,,,1290,1161,ShovelKnightPocketDungeon.jpg,ShovelKnightPocketDungeon-0.jpg,ShovelKnightPocketDungeon-1.jpg,ShovelKnightPocketDungeon-2.jpg,2021-12-13,,1,1,"鏟子騎士：無盡寶藏包含鏟子騎士系列全作品。這是一部現象級的經典冒險遊戲。在趣味的遊戲體驗、懷舊的人物和8位元的懷舊畫面中，成為鏟子騎士，跑跳戰鬥，揮舞鏟子，為失去的摯愛而戰。打倒窮凶極惡的無情騎士團和他們的頭領：幻惑女巫。
除此以外，鏟子騎士：無盡寶藏也包含了四個額外遊戲。在四人賽中操控瘟疫騎士、幽魂騎士、國王騎士在究極巔峰決戰中一決高下！他們會共創奇跡！
鏟子騎士：無盡寶藏包含以上所有。與朋友一起遊玩希望之鏟的合作競賽，在挑戰模式中測驗你的實力，在究極巔峰決戰中一決高下，贏得無盡寶藏，發掘正義真諦！
鏟子騎士：希望之鏟——揮舞你的鏟子，開始你的探險之旅！跳躍、對抗敵人、發現寶藏，消滅無情騎士團和他們的頭領幻惑女巫。
鏟子騎士：瘟疫魔影——準備好你的魔藥，成為瘋狂的煉金術師瘟疫騎士，煉製究極藥劑！用炸藥的零件組成武裝，發覺新道具、新區域、新BOSS，或許還有新豔遇。
鏟子騎士：苦痛幽靈——在鏟子騎士的前傳中召喚鐮刀！控制鏟子騎士，摧毀專為攔路而設計的所有台階；翻過高牆，控制武器庫；精確擊敗敵人；成為死神，發掘悲慘的過去，組建無情騎士團！
鏟子騎士：卡牌之王——在最宏大的正統鏟子騎士遊戲中穿上騎士之王的鍍金靴！跳躍、肩撞、收集新物品，在成為卡牌之王的征程上完成自己的目標！
鏟子騎士究極巔峰決戰——與最多4名本地玩家決戰，爭奪寶石、控制喜愛的角色、進入故事模式！掌握每個動作，探索多種物品和場景，在平台對戰遊戲中披露真相！",2,2023-09-14 10:09:00,1,
8,5,MONOPOLY 地產大亨：瘋樂,,,1250,1125,MONOPOLY.jpg,MONOPOLY-0.jpg,MONOPOLY-1.jpg,MONOPOLY-2.jpg,2021-12-09,,1,1,"《MONOPOLY 地產大亨》終極體驗！
《MONOPOLY 地產大亨》將同時推出 Nintendo Switch? 版《MONOPOLY 地產大亨》和《Monopoly 地產大亨：瘋樂》帶來雙重樂趣，提供《Monopoly 地產大亨》的終極體驗。
Nintendo Switch? 版《MONOPOLY 地產大亨》
在家體驗三種獨特的立體圖板，或者出門在外與最多六名玩家一起暢玩，也可以線上遊戲，在快速比賽中挑戰其他玩家。沒時間玩完一局完整遊戲嗎？透過「特殊目標」加快速度，縮短每一局的遊玩時間，還有「行動卡」可以讓人移動到圖板各處與懲罰敵人。打造你的企業帝國，一路交易，邁向勝利！
《MONOPOLY 地產大亨：瘋樂》
以前所未見的方式重新探索你喜愛的《MONOPOLY 地產大亨》遊戲。在時間更短的回合中，與其他玩家在大富翁市的混亂街道競賽、收集資源、購買與升級房地產，干擾你的對手與避開他們的詭計來贏得通往財富的競賽。這就是瘋樂！",3,2023-09-15 10:09:00,1,
9,5,怪獸農場 1 & 2 DX,,,1390,1251,MonsterFarm.jpg,MonsterFarm-0.jpg,MonsterFarm-1.jpg,MonsterFarm-2.jpg,2021-12-09,,2,0,《怪獸農場 1 & 2 DX》遊戲中可讓玩家能夠培養自己的怪獸，並訓練它們在戰鬥和錦標賽中對抗各種珍奇異獸。遊戲擁有多達數百種不同的怪獸類型，每一種怪獸都有專屬的技能和能力，每位農場經營者都可以按照自己的喜好和玩法來培養和訓練最適合的怪獸。即將推出的《怪獸農場 1 & 2 DX》包含之前《怪獸農場》、《怪獸農場 2》英文版未收錄的精彩內容，例如：更多的儲存欄位、凍結欄位和怪獸名人堂欄位。另外也還增加新的功能，包含培養怪獸時可使用的備忘錄功能、隨機戰鬥的排名功能以及能夠加快遊戲進度的高速模式。《怪獸農場》系列作品的最大特色，可讓玩家使用 CD 在遊戲中培養怪獸。每張 CD 擁有專屬 ID，可以培養出不同的怪獸，這個功能將於《怪獸農場 1 & 2 DX》中獲得重製，玩家將能在資料庫中尋找自己喜歡的 CD 並利用其中的資料培育怪獸。玩家將透過龐大的全球曲目資料庫盡情搜尋，並依照喜歡的音樂生成各種怪獸！,4,2023-09-16 10:09:00,1,
10,1,魔眼凝望 EXTRA,,,1670,1503,DemonGaze.jpg,,,,2021-12-09,,3,0,,5,2023-09-17 10:09:00,1,
11,5,兩人一起！貓咪大戰爭,,,790,711,TogetherTheBattleCats.jpg,TogetherTheBattleCats-0.jpg,TogetherTheBattleCats-1.jpg,TogetherTheBattleCats-2.jpg,2021-12-09,,2,1,"單人模式
 
　　使用戰鬥中逐漸積累的金錢來生產角色，而敵方城堡的體力降至零即為勝利。
 
　　透過選擇想要生產的角色，玩家可以生產該角色並使其出擊。由於生產角色會消耗金錢，生產角色時須考慮到所需的金錢數量以及敵方角色的特性。
 
　　將畫面左下角的「土豪貓」增值，即可加速累積金錢的速度並增加戰鬥中可持有的金錢。使用畫面右下角的「貓咪砲」則是可以一口氣攻擊敵人並推進戰線，不過發射「貓咪砲」前需要一段時間充電。
 雙人合作模式
　　本作中，玩家可以和親朋好友一起遊玩雙人合作模式。雙人遊玩時，角色編成畫面會切換到專用的畫面，並可以分配各自使用的角色。
 雙人對戰模式
　　雙人對戰模式分為「分享對戰」和「區域通訊對戰」兩種",1,2023-09-18 10:09:00,1,
12,2,劍為君舞 for S,,,1500,1350,KengaKimifor-S.jpg,KengaKimifor-S-0.jpg,KengaKimifor-S-1.jpg,KengaKimifor-S-2.jpg,2021-12-08,,3,0,"　　《劍為君舞 for S》為和風傳奇冒險的金字塔作品之一，由 Rejet 社負責移植至 Nintendo Switch 平台，將《劍為君舞 for V》及《劍為君舞 百夜綴》兩部作品合二為一。玩家將與六名武士一起冒險，等待的終點到底是 “劍” 之道，還是 “君” 之道？命運的故事，將在新的舞台拉開帷幕。

　　《劍為君舞》是以人類、妖怪與鬼族共生的 “日之本” 為舞台，世界觀宏大的和風冒險類遊戲。與六位武士的未來，究竟會以執「劍」的遺憾收場，還是會以伴「君」的愛戀告結 ——",2,2023-09-19 10:09:00,1,
13,3,靈活腦學校 一起伸展大腦,,,800,720,BigBrainAcademy.jpg,BigBrainAcademy-0.jpg,BigBrainAcademy-1.jpg,BigBrainAcademy-2.jpg,2021-12-03,,1,1,"獨樂樂，眾樂樂，和世界各地的人一起同樂。
來「伸展大腦」，按摩放鬆僵硬的大腦。
一邊輕鬆解考題，一邊按摩放鬆僵硬的大腦，《靈活腦學校》在Nintendo Switch上登場！
為了按摩放鬆大家的大腦，本作準備了「直覺」、「記憶」、「分析」、「數字」和「知覺」5個類別的「大腦伸展」運動。
來挑戰各種伸展運動，提升大腦的「靈活度」吧！
除了可以最多4人一起遊玩，還可以在「幽靈對戰」中與世界各地的勁敵和親朋好友進行「靈活大腦」對決，即使非同時遊玩也能進行對決。
獨自1人埋首解考題，或是大家一起輕鬆對戰，從小朋友到大人都可以一邊享受不同的遊玩形式，一邊試著按摩放鬆大腦！
※本作所收錄的伸展運動嚴選自《Big Brain Academy》和《Big Brain Academy: Wii Degree》，比前作更易遊玩。

遊玩人數會因應遊玩模式而異。
TV模式：1∼4人
桌上模式：1∼4人
手提模式：1∼2人
透過網絡通訊遊玩，可以使用查閱排名等功能。此遊戲不對應線上對戰。",3,2023-09-20 10:09:00,1,
14,3,HOP! STEP! DANCE!,,,2000,1800,HOPSTEPDANCE.jpg,,,,2023-12-21,,1,1,,4,2023-09-21 10:09:00,1,
15,5,森靈農園（Fae Farm）,,,1040,936,FaeFarm.jpg,FaeFarm-0.jpg,FaeFarm-1.jpg,FaeFarm-2.jpg,2023-12-07,,1,1,"　　由 Phoenix Labs 開發的《森靈農園》帶領玩家在魔幻的亞佐里亞大地上，建立專屬於自己的舒適家園。在著手發展家園的同時，玩家會遇到各種角色，有機會和他們發展出深厚的情誼。
　　玩家還能發現在日常生活中注入魔法的神奇方式。量身打造屬於自己的角色，深入鑽研手工藝、烹調以及製藥等技巧的藝術。",5,2023-09-22 10:09:00,1,
16,1,勇者鬥惡龍 怪物仙境 3：魔族王子與艾爾芙的旅程,,,1790,1611,DragonWarriorMonsters3.jpg,DragonWarriorMonsters3-0.jpg,DragonWarriorMonsters3-1.jpg,DragonWarriorMonsters3-2.jpg,2023-12-01,,1,0,"將怪物納為夥伴，成為真正的王者吧。在無限競技場的 G 組奪冠，回到據點羅莎莉山村後，就能在配種祠堂替怪物配種。在本作中可以藉由「搜尋配種」功能指定條件搜索怪物，即使是沒有納為夥伴的怪物，也能查到配種的組合。活用「搜尋配種」功能，不斷增加怪物夥伴吧！

「勇者鬥惡龍 怪物仙境」系列最新作登場。
本作的主角皮薩羅，被他的魔王父親下了無法與怪物戰鬥的詛咒，因此下定決心成為怪物大師。在遊歷魔界的途中，他培育成為夥伴的怪物，並配種孕育出全新怪物，以此來和強敵展開戰鬥。本作翻新了過去系列作品的配種系統，可以用全新的組合，孕育出各種耳熟能詳的怪物、魔王以及初次登場的怪物等等。此外還可以使用通訊功能，與世界各地的怪物大師對戰。
為了成為最強的怪物大師，踏上旅程吧！",1,2023-09-23 10:09:00,1,
17,6,極速俱樂部 無限2 Definitive Edition,,,1200,1080,GearClub2UnlimitedED.jpg,GearClub2UnlimitedED-0.jpg,GearClub2UnlimitedED-1.jpg,GearClub2UnlimitedED-2.jpg,2021-11-30,,1,1,　　H2 Interactive 宣布，於今日（11 月 30 日）正式推出由 Eden Games 開發的真實系賽車遊戲《極速俱樂部 無限 2（Gear.Club Unlimited 2）》的新版本「Definitive Edition」Nintendo Switch 繁體中文實體版。《極速俱樂部 無限 2》「Definitive Edition」Nintendo Switch 繁體中文數位版將於 12 月 1 日正式發售，《極速俱樂部 無限 2》「Ultimate Edition」PS4 / PS5 繁體中文版預定將於冬季上市。《極速俱樂部 無限 2》收錄炙熱的沙漠、阿爾卑斯的山嶽路線、地中海沿岸的浪漫道路、黃石國家公園的溫泉地帶等，總線達 3000 公里。以冠軍為首的多樣的任務和挑戰，可以享受 250 種以上的賽車比賽，包括現有的汽車，可以使用 50 多種名車來參加賽車。,2,2023-09-24 10:09:00,1,
18,2,虛時異境：迷離時空 終極版,,,1190,1071,Dyschronia.jpg,Dyschronia-0.jpg,Dyschronia-1.jpg,Dyschronia-2.jpg,2023-11-22,,3,0,"　　日系 VR 冒險遊戲《虛時異境：迷離時空》於國際遊戲獎項「NYX Game Awards」拿下三項首獎及四項金獎，即將全球同步登陸 Nintendo Switch。
　　IzanagiGames, Inc.（位於東京都江東區，製作人兼 CEO：梅田慎介）宣布，與 MyDearest Inc.（位於東京都中央區，CEO：岸上健人）共同開發的 Nintendo Switch《虛時異境：迷離時空 終極版》數位下載版將全球同步上架，2023 年 11 月 22 日北美、歐洲、亞洲與日本同步開賣。
 　　Nintendo Switch 版不但完整收錄 VR 版 1∼3 章內容，更新增 Nintendo Switch 限定劇情。由 LAＭ 擔任角色設計，並搭配豪華聲優的精彩演出，帶來極具魅力的角色陣容。系列主題曲及各章節主題曲分別由星街彗星（星街????，hololive）及 YuNi 演唱。玩家能夠在 Nintendo Switch 上體驗這款體驗電影式探案冒險遊戲，享受屢獲殊榮的精彩故事情節以及刺激的案件調查。",3,2023-09-25 10:09:00,1,
19,1,超級瑪利歐 RPG（Super Mario RPG）,,,1490,1341,SuperMario-RPG.jpg,SuperMario-RPG-0.jpg,SuperMario-RPG-1.jpg,SuperMario-RPG-2.jpg,2023-11-17,,1,0,"　　瑪利歐 RPG 系列的原點在時隔 27 年後，以煥然一新的圖像於 Nintendo Switch 重生。色彩繽紛的圖像所營造的氣氛維持不變，玩家能透過以 3D 重現的新圖像再次於《超級瑪利歐 RPG》的世界裡冒險。　　本作進行戰鬥的方式是從選項中選擇行動，也就是所謂的「指令戰鬥」。不只是選擇行動，只要在攻擊或防禦時抓準時機按下按鍵，造成的傷害就會增加，也可以把對手造成的傷害變成 0。
 　　為了救助被擄走的碧姬，瑪利歐前往庫巴城堡並把庫巴打倒。「這樣就能安心了！」—— 就在這麼想的時候，巨大的劍突然從天而降。
 
　　劍直直刺中庫巴城堡，瑪利歐因為其造成的衝擊被震飛，而必須再次出發尋找碧姬。

　　瑪利歐在途中得知能夠實現人們願望的「星星之路」被刺中庫巴城堡的劍所破壞，其碎片 ——「星星碎片」更散落到世界各地。",4,2023-09-26 10:09:00,1,
20,1,女神異聞錄 5 戰略版,,,1790,1611,Persona5.jpg,,,,2023-11-17,,3,0,,5,2023-09-27 10:09:00,1,
21,3,桃太郎電鐵世界∼地球圍繞著希望轉動！∼（桃太郎電????? ∼地球?希望??????！∼）,,,800,720,MomotaroDentetsuWorld.jpg,MomotaroDentetsuWorld-0.jpg,MomotaroDentetsuWorld-1.jpg,MomotaroDentetsuWorld-2.jpg,2023-11-16,,1,1,　　《桃太郎電鐵》主要是以經營鐵路公司營利、成為日本第一大老闆的鐵道經營大富翁玩法為主軸。在《桃太郎電鐵世界∼地球圍繞著希望轉動！∼》中，這次玩家熟悉的桃鐵角色將前往世界各地冒險，包括五大洲乃至於南極等地，有機會的話，當地歷史上著名英雄也會來幫玩家助陣。《桃太郎電鐵世界∼地球圍繞著希望轉動！∼》是繼累積銷售量突破 350 萬套的《桃太郎電鐵 ∼昭和 平成 令和也是基本款！∼》、KONAMI 將推出的系列最新作，今日趁著「Nintendo Direct 2023.6.21」公開第二波宣傳影片：,1,2023-09-28 10:09:00,1,
22,4,幻日夜羽 -湛海耀光-,,,2700,2430,BlazwInTheDeepblue.jpg,BlazwInTheDeepblue-0.jpg,BlazwInTheDeepblue-1.jpg,BlazwInTheDeepblue-2.jpg,2023-11-16,,1,0,"幻日夜羽》是《Love Live!》系列第 2 部《Love Live! Sunshine!!》的官方衍生作品。本作則是以夜羽的世界為舞台的探索型 2D 動作遊戲《幻日夜羽 -湛海耀光-》。
　　玩家要化身主角「夜羽」，與搭檔「萊拉普斯」一起探索怪物橫行的神祕海底地城，以救出失蹤的同伴為目標前進。夜羽能夠將地城內取得的素材道具加以組合，藉此製作裝備，並借用救出的同伴的力量，逐步拓展探索的範圍。
　　地城內的部分地點會隨機變換構造，能夠享受百玩不厭的劈砍遊戲體驗。在近海忽然出現的「海底地城」目前正在努瑪梓蔚為話題。
　　鎮上的同伴們懷抱著各自的理由前往調查。然而，卻沒有任何一人從地城返回──
　　為了拯救同伴，夜羽也投身探索的行列。等待著夜羽的，是一群猶如深海魚的怪物，以及每次踏入都會改變構造的神祕迷宮。
　　夜羽是否能救出同伴，並解開地城的謎團呢？打倒怪物或是探索地城將可取得素材。夜羽隨時都能透過合成素材製作出武器或飾品等裝備。可製作的裝備超過 90 種。電視動畫中熟悉的成員將會登場。忠實反映各角色個性的鮮活動作將會為夜羽的冒險增添助力。",2,2023-09-29 10:09:00,1,
23,3,超級瘋狂節奏城堡（Super Crazy Rhythm Castle）,,,1500,1350,RhythmCastle.jpg,,,,2023-11-14,,1,1,,3,2023-09-30 10:09:00,1,
24,5,足球經理 2024（Football Manager 2024）,,,990,891,FootballManager.jpg,FootballManager-0.jpg,FootballManager-1.jpg,FootballManager-2.jpg,2023-11-07,,1,0,"　　全新的合作球團引入了明治安田生命（Meiji Yasuda Insurance Ltd）J.1 聯賽、J.2 聯賽和 J.3 聯賽，並將日本完全解鎖為遊戲中的一個可遊玩國家。全部的 60 個 J 聯賽俱樂部均獲得完全授權，在《足球經理》的全平台作中都打上了 2023 年 J 聯賽賽季的官方標誌、球衣和球員照片。
　　Sports Interactive Studio 總監邁爾斯?傑寇森（Miles Jacobson）表示：「與 J 聯賽簽署協議是我們長期以來一直想做的事情，能夠將其與我們在日本的首次亮相結合起來，對於工作室及 SEGA 大家庭來說都是個巨大的里程碑。」
　　「多年來，我們一直有聽到來自球迷的關於『J 聯賽在哪裡？』的問題，所以我很高興我們終於能夠實現引入 J 聯賽的目標，也很興奮能讓玩家更清楚地了解 J 聯賽和旗下的俱樂部，並發掘來自日本的新人才。對於我們在日本的新球迷和玩家來說，非常高興他們能夠藉此體驗《足球經理》的真正樂趣之一：管理你最喜歡的球隊並實現你的足球夢想！」",4,2023-10-01 10:09:00,1,
25,3,超級舞動 瓦利歐製造（WarioWare: Move It!）,,,1290,1161,WalioDance.jpg,WalioDance-0.jpg,WalioDance-1.jpg,WalioDance-2.jpg,2023-11-03,,2,1,"挑戰各式各樣的關卡之「故事」模式
　　於「故事」模式，將會挑戰小遊戲接二連三地隨機出現的關卡。 
　　出現的小遊戲會根據關卡而有所不同，例如「瓦利歐」關卡會出現以「火車頭」架勢來挑戰的小遊戲，而「莫娜」關卡則是會出現以「伸懶腰」、「原來如此」架勢來挑戰的小遊戲。 
　　接連通過不斷逼近的小遊戲後，難以對付的頭目便會登場。如果能夠成功打倒這個頭目的話，就可以往下一關前進。完成所有鋪設在「故事」模式?的關卡後，將會出現新地圖。在這堙A能夠按照各種規則進行遊玩。
 雙人對戰
　　兩人同時遊玩同一款遊戲的對戰模式。最先耗盡生命值的玩家為之輸的一方。",5,2023-10-02 10:09:00,1,
26,1,星海遊俠 2 The Second Story R,,,1600,1440,StarOcean.jpg,StarOcean-0.jpg,StarOcean-1.jpg,StarOcean-2.jpg,2023-11-02,,3,0,"　　銀河聯邦的年輕軍官克洛德?C?肯尼，在他的上級，同時也是他父親的羅尼基斯的指揮下，調查在彌洛奇尼亞行星發現的神祕圓頂建築。過程中，他們發現了一個陌生裝置。為了展現自己的勇氣，克洛德不顧羅尼基斯制止，觸碰了裝置。他瞬間被耀眼的光芒包圍，從現場消失。
 
　　不久後甦醒的克洛德看見眼前一片綠意盎然，意識到自己被傳送到了陌生的土地。克洛德立刻嘗試與羅尼基斯通訊，但通訊器無法取得聯繫，使他束手無策。他環顧四周，打算先確認現狀，結果目睹魔物正要襲擊一名少女。
 
　　克洛德大喊著，並朝魔物衝去，使用父親給予他的光線槍──相位槍。
 
　　克洛德拯救的少女名叫蕾娜?蘭弗德，她深信使用發光武器從魔物手中拯救自己的克洛德，就是在她國家的傳說裡登場的「擁有光之劍的勇者」。
 
　　蕾娜為了報答克洛德，同時為了請勇者拯救這個國家，她帶著克洛德前往自己居住的雅利亞村。 
　　本作採用「雙主角系統」，可以從克洛德和蕾娜二位中選擇主角。在兩位主角的故事中，相同的事件發展會有所不同，和夥伴角色的對話事件等也將發生變化。",1,2023-10-03 10:09:00,1,
27,2,時尚造夢,,,1290,1161,FashionDreamer.jpg,FashionDreamer-0.jpg,FashionDreamer-1.jpg,FashionDreamer-2.jpg,2023-11-02,,1,0,"　　《時尚造夢》是以虛擬空間「EVE」為舞台，享受你喜歡的時髦穿搭的同時，跟被稱為「Muse」的形形色色的人互相認識，獲得源源不斷的「讚」，成為夢想中的時尚知名人物的新世代時尚換裝＆社交遊戲。
　　這次，我們帶來了《時尚造夢》的基本玩法介紹 ? 
　　「Muse」們總是對時髦充滿好奇！隨時追求著新的時尚穿搭。以你的品味為基礎，向這些「Muse」們提議穿搭＝「推搭」，如果他們喜歡你的穿搭，就會收到「讚」，被你的品味所吸引的「粉絲」也會增加！積極地與這些「Muse」進行交流，不斷成長為時尚知名人物吧 ? 
　　在互動過的「Muse」中，如果發現他們的穿搭裡有自己喜歡的時尚單品，只需要按「讚」，便可輕易獲得！獲得的單品不僅可以用作自己穿搭，也可以用在推搭。透過瀏覽大量穿搭來磨練自己的品味，並獲得各種不同的單品，用自己喜歡的穿搭來享受時髦吧 ?",2,2023-10-04 10:09:00,1,
28,2,聯盟外傳：努努之歌,,,1730,1557,SongOfNUNU.jpg,SongOfNUNU-0.jpg,SongOfNUNU-1.jpg,SongOfNUNU-2.jpg,2023-11-01,,2,0,,3,2023-10-05 10:09:00,1,
29,1,英雄傳說 閃之軌跡 III,,,1180,1062,TheLegendOfHeros.jpg,,,,2021-11-25,,3,0,,4,2023-10-06 10:09:00,1,
30,2,荒蕪異界（Desolatium）,,,880,792,Desolatium.jpg,Desolatium-0.jpg,Desolatium-1.jpg,Desolatium-2.jpg,2023-10-27,,3,0,"　　採滑鼠點擊玩法的《荒蕪異界》是一款基於以 H.P. 洛夫克拉夫特（H.P. Lovecraft ）風格神話題材的第一人稱視角恐怖冒險遊戲，玩家將探索神秘的地點、面對洛夫克拉夫特式生物，尋找線索以解決謎題。遊戲中設計四個角色，且擁有各自的劇情路線和目的地，但要小心玩家你所做出的決定可能會產生意想不到的後果，並進而導致走向不同的結局。
　　故事描述主角 Carter 從一個陌生房間的床舖上醒來，什麼都不記得的他環顧四周，並發現有些事情不對勁，他需要逃離這裡。你要調查神秘事件，才可以找到隱藏在所有瘋狂事件背後的人，但同時你可能也會找到你沒有在尋找的東西，並發現自己被帶進一個黑暗、恐怖和瘋狂的世界，一個「荒蕪」世界。",5,2023-10-07 10:09:00,1,
31,2,潛水員戴夫 DAVE THE DIVER,,,650,585,DAVE.jpg,,,,2023-10-26,,2,0,,1,2023-10-08 10:09:00,1,
32,2,潛龍諜影 Master Collection Vol.1,,,1390,1251,MASTERCOLLECTION.jpg,MASTERCOLLECTION-0.jpg,MASTERCOLLECTION-1.jpg,MASTERCOLLECTION-2.jpg,2023-10-24,,4,0,　　《潛龍諜影 Master Collection Vol.1》除了收錄《潛龍諜影》、《潛龍諜影 2：自由之子》、《潛龍諜影 3：食蛇者》之外，還有許多特典內容，包括《Metal Gear》系列首部作品，收錄各部遊戲文本的 Screenplay Book，詳解劇情與角色的 Master Book 等。特典內容還有由獲獎無數的插畫家 Ashley Wood 創作的兩部數位圖像小說《Metal Gear Solid: Digital Graphic Novel》，此一全語音數位漫畫透過精美的動態動畫描繪出《潛龍諜影》中的事件場面，其後的《Metal Gear Solid 2: Digital Graphic Novel》也描繪了後續事件的展開。,2,2023-10-09 10:09:00,1,
33,4,超級瑪利歐兄弟 驚奇（Super Mario Bros. Wonder）,,,1390,1251,SuperMarioBros-Wonder.jpg,SuperMarioBros-Wonder-0.jpg,SuperMarioBros-Wonder-1.jpg,SuperMarioBros-Wonder-2.jpg,2023-10-20,,1,1,　　《超級瑪利歐兄弟 驚奇》是延續《超級瑪利歐兄弟》系列原點之 2D 橫向捲軸動作過關玩法的新作，玩家將操作瑪利歐、路易吉、奇諾比奧、碧姬、黛西等一行人，在充滿熟悉元素且萬物都更為擬人的夢幻世界展開冒險。透過取得「驚奇花」來改變世界狀態，活用嶄新變身能力闖蕩關卡。最多可單機 4 人同樂。,3,2023-10-10 10:09:00,1,
34,4,夜行神龍 重製版（Gargoyles Remastered）,,,1000,900,Gargoyles Remastered.jpg,,,,2023-10-19,,2,1,"《夜行神龍》是 Disney 於 1994 年起播出的動畫影集，故事描述中世紀的歐洲存在著一種奇異的生物，他們有著過人的力量和鋒利的爪子甚至還生有能在空中滑翔的巨大翅膀，牠們在白天時將化為石像；改編遊戲於隔年在 Sega Genesis 平台推出。
相隔近 27 年後，Disney 於去年宣布懷舊遊戲《夜行神龍》將跟上《阿拉丁》、《獅子王》、《森林王子》等腳步移植重製。今日，官方釋出《夜行神龍 重製版》宣傳影片，展示新遊戲畫面外，同時宣布遊戲體驗將維持前作的經典玩法，並加入成就、遊戲倒帶等新功能。
 
　　《夜行神龍 重製版》中，玩家將扮演石像鬼的領袖歌利亞，使出碎石般的力量、用利爪攀登石塔和建築並在空中滑翔，掌握動作連貫的空中攻擊和肉搏戰，拯救世界不受邪惡毀滅。玩家可以在以動畫系列為靈感的畫面和忠於原版遊戲的經典 16 位元模式之間切換，而經過重製和最佳化的音樂特效也將為玩家帶來身歷其境的冒險旅程。",4,2023-11-08 10:09:00,1,
35,5,不朽國度：血族戰爭,,,960,864,Immortal Realms-Vampire Wars.jpg,,,,2021-12-28,,4,0,"
　
　　《不朽國度：血族戰爭》是一款設定在動盪黑暗血族世界的策略遊戲，包含了王國管理與回合制戰鬥系統，並加入了獨特的卡牌元素。到這個充滿了恐怖與傳奇的神秘世界一探究竟，親身體驗這場哥德史詩，以及充滿挑戰的遊戲關卡。自從人類歷史學家有記錄以來，遠古的德拉庫血脈就統治著神秘的瓦爾蒙特 - 血王座的國度。在這片偏遠的土地上，一個邪惡的吸血鬼王庭統治著人類。在吸血鬼王弗拉德?德拉庫與塞西莉亞?德拉庫這對不朽戀人的永恆凝視下，吸血鬼與凡人在此共同生存。
　　詛咒之地莫特拉上寒風席捲。很少有人生活在這片貧瘠的土地上，但這片土地並非沒有生命。古老的血屍家族潛伏在陰影中，等待著再度荼毒活人世界的那一天。與此同時，在千里冰封的北境伊賽恩，一支血族遺世獨立。他們是神秘的莫利亞氏族，精研著鮮血與魔法。無論是活人還是死者，都不敢幹擾他們的黑暗儀式與血腥盛宴。

遊戲特色：

．有四個強大的吸血鬼領主供玩家選擇，體驗一個迷人的故事跨越 12 個精心製作的任務
．三個獨特的吸血鬼氏族：每個都有獨特的單位，能力，遊戲機制和角色
．卡牌元素：卡牌元素大大增強了遊戲的可玩性，提供全新的遊戲玩法
．多種遊戲模式：招募新單位和在戰略模式中運籌帷幄，測試你對遊戲的理解。故事情節為主的單人模式也提供多種內容",5,2023-09-07 11:18:06,1,
36,6,風火輪解放 2 - 渦輪增壓,,,800,720,Hot Wheels Unleashed 2 - Turbocharged.jpg,,,,2023-10-19,,1,1,"
　　《風火輪解放 2 - 渦輪增壓》將推出超過 130 種車輛，包括首次亮相的摩托車和全地形車（ATVs）。官方表示，Stock、Powered 和 Ultimate 的車輛類別將區分性能，玩家亦可以使用技能點購買特定的專用技能，組裝理出想的車型以進一步滿足個人駕駛風格。
 
　　團隊指出，於《風火輪解放 2 - 渦輪增壓》中共有 5 個不同的環境在等著玩家，每個環境都有獨特的賽道表面，將影響車輛性能並提供更動態的比賽體驗。車輛還將能與賽道內外的多種物體互動，使比賽更加難以預測。
       隨著車輛和環境更加多樣化，開闢了更具動態性和戰略性的賽車場景，新增的兩項技能「衝刺」和「跳躍」將測試駕駛膽量和技巧。橫向衝刺將對戰術、躲避障礙物和衝線產生影響，同時玩家還可以隨時隨地進行戲劇性的跳躍。按一下按鈕，車手將有新的機會超越對手，發現隱藏捷徑，並找出新的賽道。官方指出，這些創新，加上首集遊戲中已經存在的漂移和加速功能，確保每場比賽都能提供獨特而激動人心的體驗，同時讓玩家更好地掌控自己的命運。",1,2023-11-27 14:59:09,1,
37,1,恐怖的世界（WORLD OF HORROR）,,,700,630,World of horror.jpg,,,,2023-10-19,,4,1,"  一款與怪異戰鬥，跨越冷血無情的重重選擇，如同地獄般的Roguelite RPG遊戲。本作是獻給伊藤潤二以及H.P.洛夫克拉夫特的1-bit情書。每次遊玩都會有所不同的噩夢般的邂逅，將化作解明不可解事件的鑰匙。在謎團的前方，等待著你的究竟是……《恐怖的世界》受到日本著名恐怖漫畫家伊藤潤二與美國恐怖奇幻小說家 H.P. Lovecraft 啟發，故事由馬來西亞恐怖小說家 Cassandra Khaw 撰寫，將塑造恐怖的城市場景與充滿扭曲的故事情節。遊戲故事講述在一個日本海邊小鎮農村，正面對著瘋狂恐怖的遭遇，玩家將調查關於惡魔回歸的民間傳說，解決難題並蒐集咒語。遊戲採用回合制戰鬥，玩家在搶先體驗版本中將可使用五個可遊玩的角色，每個人對於家鄉所發生的恐怖事件各有其看法，玩家要想辦法打敗可怕的 BOSS。
 ",2,2023-12-01 16:09:00,1,
38,2,共生邱比特,,,1700,1530,Cupid Parasite.jpg,,,,2021-12-24,,3,1,"本該使人墜入愛河的愛神邱比特，在陷入熱戀之後迎來的是……

與他度過Love×2的每一天！！

比以往更加甜蜜、更加刺激? 將為各位玩家帶來與他們＋？？？的新婚＆情侶生活！

本作為女神×相親聯誼戀愛喜劇作品「共生邱比特」的Fan disc！

將帶來與Parasite6在前作的GOOD END之後，充滿甜蜜的戀愛故事。

相愛的兩人即將面對的，難道又是不尋常的動盪風波……！？



本次還追加了第七位可攻略的新角色——梅列尼斯•萊文?

由木村良平、KENN、八代拓、榎木淳?、古川慎、岡本信?、上村祐翔等豪華聲優陣容共同獻聲！

片頭曲＆片尾曲依然由「The Biscats」演唱！Game Source Entertainment（GSE）宣布與日本遊戲公司 Idea Factory 旗下乙女遊戲品牌「Otomate」合作，預定於 2024 年 2 月 14 日情人節推出戀愛喜劇乙女遊戲《共生邱比特》的續作《共生邱比特 -Sweet & Spicy Darling.-》Nintendo Switch 亞洲繁體中文版本。
 
　　官方今天率先公開《共生邱比特 -Sweet & Spicy Darling.-》的預購、限定版、豪華版和指定店家通路特典情報，更為各位玩家準備了 Yuuya 老師繪製的中華風服飾亞洲版限定新圖。GSE 表示，本作除了延續與 Parasite6 的甜蜜戀愛故事，還追加了第七位可攻略新角色，敬請密切期待。",3,2023-10-22 21:05:07,1,
39,4,熱血物語 SP,,,850,765,River City Ransom SP.jpg,,,,2023-10-12,,2,1,"《熱血物語 SP》是 2016 年在 3DS 推出的《熱血物語 SP》的移植版。故事敘述主角國夫為了查明圍繞在熱血高中內的陰謀，與邪惡的根源展開鬥爭。不僅保留了原版本的氛圍，更增加了許多符合現今遊戲環境的要素。是一款改善畫面設計及操作性等細微部分並重啟的現代版作品，可以讓玩家更加舒適地體驗遊戲。
 
　　本作以假想都市「夢見町」為背景，體驗從熱血高中為中心展開的熱血搞笑動作故事。另外，本作的特點為具有多重結局，玩家有三天的時間，根據遊玩的方向將會決定最後一天所發生的事件並改變最後的結局。
 
　　玩家可以擊倒敵人獲得經驗值來提高等級，將升級時獲得的點數自由地分配給各種素質來培養角色。利用擊倒敵人時掉落的道具和金錢，不僅可以獲得有用的裝備，還可以學習《熱血》系列中熟悉的必殺技及新增加的必殺技等，體驗培訓的樂趣和爽快的動作感。
 ",4,2023-11-30 9:15:26,1,
40,2,人生遊戲 for Nintendo Switch（人生??? for Nintendo Switch,,,970,873,the game of life.jpg,,,,2023-10-06,,1,1,"  本作為經典桌遊遊戲《人生遊戲》系列最新 Switch 版本。在遊戲中，除了保留原本桌遊版豐富歡樂的模式玩法外，還加入隨著玩家棋子每次前進，都能增加知力、體力等各種數值來讓角色不斷成長的角色養成要素，並支援區域多人與線上多人對戰，讓玩家可以與家人朋友一起同樂，盡情享受《人生遊戲》獨有的桌遊對戰樂趣！這款遊戲還有一個經典的規則，即達到目標時擁有最多資產的玩家獲勝，按照輪盤上出現的數字前進，並在每個停止的方格的事件中經歷歡樂和悲傷。您還可以創建自己的頭像，這樣您可以更多地感同身受並享受樂趣。

  有兩種模式可供選擇：「人生??? for Nintendo Switch」，其中包含 Switch 版本的新功能，以及「??????????」，一款 2016 年發布的棋盤遊戲。它支援最多四人連線遊玩 和 離線單機遊玩，非常適合與家人和朋友一起玩。",5,2023-12-02 16:09:00,1,
41,2,名偵探皮卡丘 閃電回歸（?????名探偵?????）,,,950,855,Detective Pikachu Returns.jpg,,,,2023-10-06,,1,0,"　
在人類與寶可夢共生的城市裡，與會說人話的大叔皮卡丘一起挑戰各種事件，「我是皮卡丘。雖然這麼說有點跩，但……我是個名偵探！」

這次登場的皮卡丘跟平常有點不一樣?不但愛喝咖啡，神情舉止也跟大叔沒兩樣。明明擺出一副高高在上的態度和言行，卻總是讓人討厭不起來，這隻會說人話還自稱「名偵探」的皮卡丘和牠的搭檔青年?提姆，在人類與寶可夢共生的城市「萊姆市」中，與城市裡的寶可夢一起合力解開各種事件的謎團。

《名偵探皮卡丘》是由 Creatures 開發、任天堂發行的冒險遊戲。以人類和寶可夢共同生活的城市「萊姆市」為舞台，少年提姆為了尋找失蹤的父親和偵探皮卡丘相遇，並展開一段冒險故事。

　這次登場的皮卡丘跟平常有點不一樣?不但愛喝咖啡，神情舉止也跟大叔沒兩樣。明明擺出一副高高在上的態度和言行，卻總是讓人討厭不起來，這隻會說人話還自稱「名偵探」的皮卡丘和牠的搭檔青年?提姆，在人類與寶可夢共生的城市「萊姆市」中，與城市裡的寶可夢一起合力解開各種事件的謎團。
 ",1,2023-11-29 0:15:08,1,
42,5,戰律 2,,,1000,900,wargroove.jpg,,,,2023-10-05,,1,1,"
　　《戰律 2》中，玩家將展開全新冒險旅程、結交意想不到的朋友、面對神祕莫測的對手、經歷險惡的復仇陰謀、率領新的指揮官並運用全新分級「戰奏」技能系統對抗敵人，扭轉戰局。此外，遊戲還加入了編輯工具和多元的自訂工具，讓玩家可以設計地圖、過場動畫和故事，與大家分享。
 
　　故事描述一群滿心好奇的鼠人來到澳蘭尼亞進行學術考察。法赫利共和國缺乏軍事經驗，但他們的學術成就能彌補這項不足。指揮官萊特拉、碧絲特爾和隆布裝備了神祕的水晶科技，他們必須一同努力，為神祕金主探查情報。
 
　　每個指揮官都有獨特的「戰奏」技能，能幫助你扭轉戰局，消滅敵人，而在《戰律 2》中內建全新戰奏系統，大幅強化指揮官的戰奏技能，讓他們施展更猛烈的攻勢。另外還有全新單人 Roguelike 模式「征途模式」，在節奏緊張的小型戰鬥裡，每個決策的影響皆十分長遠；每場遭遇戰都會繼承上一場遭遇戰的金幣和生命值，所以每個單位都至關重要。",2,2023-11-15 19:19:06,1,
43,1,芙蕾德利卡（Frederica）,,,890,801,Frederica.jpg,,,,2023-09-28,,1,1,"　《芙蕾德利卡》是款採用 45 度斜向視角的奇幻題材動作角色扮演遊戲，故事敘述 7 名主角為了找到奪走言語的國王而勇闖迷宮最深處。打倒魔物獲得道具，返回據點強化裝備，每一次挑戰都會讓主角逐漸變強。

是要 1 人前進，還是 7 人聯手？
 
7 位主角都有各自不同的武器，包括劍、弓、拳與魔法等等。
無論是要用 1 名主角單獨前行，還是與夥伴接力前進，都取決於玩家。
被魔物打倒後，將失去部分獲得的道具，請務必多加注意。

往返於迷宮與據點吧！
 
在迷宮獲得的道具可以帶回據點，當作生產武器和作物的材料使用。
在一場又一場的戰鬥中，7 人會愈變愈強，並能隨之更加深入迷宮。

言語真的是一種邪惡嗎？
 
故事的舞台發生在一個被奪走了言語的王國。究竟國王為何要剝奪人們的言語呢？
而在深淵等待著玩家的會是希望，還是絕望呢？",3,2023-11-22 10:46:07,1,
44,1,Fate/Samurai Remnant,,,1700,1530,Fate-Samurai Remnant.jpg,,,,2023-09-28,,2,0,"
　　為了獲得能夠實現任何心願的願望機「盈月之器」，七名「御主」與七名擁有強大力量，在歷史上留名的英靈「從者」搭檔，與其他組別互相廝殺，直到剩下最後一組的儀式──「盈月之儀」。本作將以修練二天一流的劍士「宮本伊織」以及突然出現在其面前的神秘人物「Saber」的角度，描寫以江戶為舞台展開的激戰。

  以和風筆觸描繪的角色們將活躍於長屋、武家宅邸與遊郭林立，往來行人川流不息的江戶街道。在體驗於各地展開的「盈月之儀」故事的同時，與形形色色的角色交流、探索城鎮、挑戰並完成各式各樣的委託。

  本作的戰鬥為操作修練二天一流的劍士御主「宮本伊織」，並與擁有超乎人類強大力量的從者「Saber」並肩作戰，迎戰人類無法對付的強敵。玩家可以對從者下達指令發動強大技能攻擊，也可直接操作從者戰鬥。從者之間的激戰也是一大看點。",4,2023-12-02 11:10:27,1,
45,1,伊蘇 X -北境歷險-,,,1550,1395,YsxNordics.jpg,,,,2023-09-28,,2,0,"
　　本作舞台位於大小島嶼星羅棋布的北方海域「奧貝利亞灣」。 年輕冒險家亞特魯•克里斯汀完成在古代王國伊蘇的冒險後，在該處邂逅了海洋民族「諾曼」。在當地襲擊人們的不死亡靈「古里格」究竟是什麼……？
 
　　至前作《伊蘇 IX》為止所採用的戰鬥系統在本作中煥然一新。新系統「交叉動作」結合了操作自身角色並由夥伴以自動攻擊支援的「單人模式」，以及同時操作兩人進行一系列動作，與強敵一來一往進行攻防的「搭檔模式」，讓玩家根據情況選擇兩種模式進行戰鬥！
 
　　此外，在《伊蘇 X》中更將首次開放玩家操作帆船！除了能以海圖為線索探索廣大的海域，有時還會與敵船進行海戰，為本系列的精華「冒險樂趣」添加了新的元素！
 
　　另外，還加入了能大幅提升在野外與迷宮中探索自由度的特殊能力「瑪那動作」系統。
 
　　《伊蘇 X -北境歷險-》以年輕時的冒險家亞特魯•克里斯汀為主角，描繪在北方海域「奧貝利亞灣」的新冒險。敬請期待這款由《伊蘇 VIII》、《伊蘇 IX》的開發團隊所打造的系列最新作！",5,2023-11-28 7:42:02,1,
46,2,Trinoline（??????）,,,720,648,Trinoline.jpg,,,,2023-09-28,,2,0,"本作品是將在 2017 由 minori 所推出的同名成人戀愛冒險遊戲移植至 Nintendo Switch 平台，並針對全年齡的規範來調整遊戲內容的作品。
 
　　是以具有人工智慧的人型機器人「仿生人（Trino）」漸漸融入至社會之時代的父島為舞台，描寫幼年喪妹的主角，與貌似妹妹的仿生人跟罹患絕症的青梅竹馬，以及具有天才般頭腦的科學家們交流的故事。

故事：
 
　　我妹妹死了。她在盛夏的一個炎熱的日子，溺死了。
 
　　那件事成為了我無法忘懷的記憶，並一直深深地扎根在我的心中。我自己決定要帶著她沒能活下去的份，好好地活下去。把一切當作令人懷念的回憶，接受這段過去並向前邁進。
 
　　那份思念是千真萬確的。
 
　　痛苦的童年時代過去了，我過著日復一日地去上學的日子。當炎熱的夏天又再度來臨，使我稍微想起“她”的時候。
 
　　遠處突然傳來了妹妹所喜歡的曲子的琴聲。我一步步朝著琴聲的盡頭走去，出現在眼前的人正是妹妹。
 
　　「今後還請你多多指教了」「哥哥」
 ",1,0000-00-00 00:00:00,1,
47,1,無限神速斬 勇者鬥惡龍 達伊的大冒險,,,1450,1305,dragon quest the adventure of dai.jpg,,,,2023-09-28,,2,0,"　《無限神速斬 勇者鬥惡龍 達伊的大冒險》是以三?陸與稻田浩司創作，單行本累計發行超過 4700 萬本的暢銷漫畫《勇者鬥惡龍 達伊的大冒險》改編的動作角色扮演遊戲。

　依循原作劇情，讓玩家扮演少年勇者主角「達伊」踏上冒險旅程，歷經形形色色的事件、結識志同道合的夥伴，攜手對抗企圖征服人界的魔王軍。

　　本作的魅力之一是能夠重溫動畫《勇者鬥惡龍 達伊的大冒險》中描繪的戰鬥。這次從眾多的戰鬥中選出達伊在迪爾穆林島修練時的戰鬥來介紹給大家！除了這裡介紹的動作以外，本作中還有其他各種各樣的動作，在《無限神速斬 勇者鬥惡龍 達伊的大冒險》本篇中充分利用這些動作來對抗強大的敵人吧！",2,2023-11-18 19:05:26,1,
48,2,皮克敏 1+2,,,980,882,Pikmin 1+2.jpg,,,,2023-09-22,,1,1,"　　身為救援隊新人的你，好不容易到達了這個充滿生命的未知行星。你在這裡遇到了不可思議的生物 —— 皮克敏以及救援隊的搜救犬歐慶。為了營救落難者和修復故障的宇宙船，你將和牠們一同開始探索這個星球。

　　皮克敏被拔出來後就會開始活動，當你吹哨子，它們就會成群結隊地跟上來，將它們投擲後便會代替你完成許多事情。另外，搜救犬歐慶也是非常可靠的搭檔。

　　探索不局限於地上，連地下也可以進行探索。地下開展了與地上完全不同的世界，可以發現神秘機關、未知的原生生物以及嶄新的寶物。還有，或許有落難者正在等著你前去營救。

　　發揮「當多慮」對皮克敏跟歐慶下達指示，在限制時間內比對手搬運更多的東西就會獲得勝利。隨著救出更多落難者，在有宇宙船的營地中可以做的事情也會跟著增加。
 
　　還可以去平常無法前往的晚上的探索……原生生物會變得凶暴的危險夜晚。與只在夜晚才會出現的發光皮克敏相遇。
 
　　襲擊而來的原生生物目標是可以採集到珍貴精華的「發光巢穴」。請借助發光皮克敏的力量，守護「發光巢穴」免受原生生物的侵害！",3,2023-12-03 3:06:09,1,
49,2,探靈直播 2,,,840,756,Escape from Hotel Izanami2-05.jpg,,,,2023-09-21,,3,0," 《探靈直播》一代描述三名實況主為了拍攝恐怖景點，在廢棄飯店躲避突然出現的人偶追擊並求生，每當三位美少女主角面臨生存危機時，就會進行《探靈直播》獨有的特別事件 CG，還具備了玩家能夠觸碰處於危機中的角色，進行互動的功能，而引發玩家討論。《探靈直播 2》故事描述愛月陽葵、?宮雅、柊藍那三個人為了拍攝影片，這次前往知名靈異地點的廢棄購物中心「堵替塚快樂地」。
 
　　當他們抵達廢墟後，什麼也沒發生，三人因拍攝缺乏刺激感一時感到意志消沉，卻被突如其來的猴子人偶襲擊。當陽葵睜開眼時，卻不見小雅和藍那的蹤影...陽葵等人被困在廢棄購物中心裡，各自展開了探索，試圖逃出此地。玩家這次將伴隨美少女在化為廢墟的購物中心內，透過道具及線索提示逃出神秘人偶魔掌。

  官方表示，在二代中陽葵、藍那、雅三人將於各自不同的地點展開探索，玩家需要切換角色來找出逃脫的線索，究竟三人能否平安無事地全員會合，成功逃出廢棄購物中心呢？在三人探索廢棄購物中心的途中，將會有神秘猴子人偶襲來，玩家遇到人偶後要立即逃跑、躲藏，逃過追擊。
 
　　為了逃出廢棄購物中心，玩家需要獲得道具及線索，玩家可以仔細搜索廢棄購物中心內部，獲取逃脫所需的道具及線索。",4,2023-12-01 8:19:03,1,
50,1,復活邪神 2,,,830,747,Romancing SaGa 2.jpg,,,,2021-12-23,,4,0,,5,2023-11-14 9:27:38,1,
51,4,真•三國無雙 8 Empires,,,1580,1422,Dynasty Warriors 8-Empires.jpg,,,,2021-12-23,,2,0,,1,2023-11-24 2:14:13,1,
52,1,最後的咒語（The Last Spell）,,,860,774,The Last Spell.jpg,,,,2023-09-15,,4,0,,2,2023-11-29 16:19:27,1,
53,2,華彩煌煌，吾之一族 摩登時代,,,1470,1323,Modern love.jpg,,,,2023-09-15,,3,0,,3,2023-11-17 17:57:03,1,
54,8,AK 蠑螈,,,880,792,AK-xolotl.jpg,,,,2023-09-14,,1,0,,4,2320-11-24 12:24:50,1,
55,1,英雄傳說 閃之軌跡 III,,,870,783,The Legend of Heroes-Sen no Kiseki 3.jpg,,,,2021-12-23,,2,0,,5,2023-11-28 6:36:09,1,
56,8,小魔女 Cotton 搖滾,,,1000,900,Cotton RocknRoll.jpg,,,,2021-12-23,,1,0,,1,2023-11-20 14:39:45,1,
57,1,拔天海拓史 I?II HD Remaster,,,1350,1215,Baten Kaitos 1 & 2 HD Remaster.jpg,,,,2023-09-14,,2,0,,2,2023-12-01 2:05:51,1,
58,4,超級炸彈人 R 2,,,940,846,Super Bomberman R2.jpg,,,,2023-09-14,,1,1,,3,2023-11-29 7:06:58,1,
59,1,寶可夢 朱／紫 零之秘寶 前篇：碧之假面,,,2200,1980,The Hidden Treasure of Area Zero for Pok?mon Scarlet_Violet11-05.jpg,,,,2023-09-13,,2,0,,4,2023-11-25 12:02:12,1,
60,7,NBA 2K24,,,650,585,NBA 2K24.jpg,,,,2023-09-08,,1,1,,5,0000-00-00 00:00:00,1,
61,5,森靈農園（Fae Farm）,,,820,738,Fae Farm.jpg,,,,2023-09-08,,1,1,,1,2023-12-01 17:18:19,1,
62,2,裂開了！褲先生（The Many Pieces of Mr. Coo）,,,1540,1386,The Many Pieces of Mr. Coo.jpg,,,,2023-09-07,,1,0,,2,2023-11-30 5:02:44,1,
63,2,錫之心（Tin Hearts）,,,1020,918,Tin Hearts.jpg,,,,2023-09-07,,1,0,,3,2023-12-01 13:35:37,1,
64,2,女鬼橋 開魂路,,,890,801,The Bridge Curse Road to Salvation.jpg,,,,2023-08-30,,4,0,,4,2023-11-17 10:36:24,1,
65,3,歡樂森巴：歡樂搖搖派對,,,900,810,511a09a252d89739.jpg,,,,2023-08-30,,2,0,,5,2023-11-22 10:22:07,1,
66,2,失憶症 Amnesia: Later x Crowd,,,1550,1395,f9ba725b5c7de791.jpg,,,,2023-08-29,,3,0,,1,2023-12-03 11:59:05,1,
67,2,小惡魔 大混亂,,,320,288,little-devil.jpg,id6701.jpg,id6702.jpg,id6703.jpg,2023-08-25,,1,0,"破壞傢具，把房子弄得一團糟，激怒你的養父母!
得不到你想要的東西讓你很懊惱…所以為什麼不在沒人注意的時候製造點混亂呢?

控制一個名叫小惡魔的淘氣男孩，他在房子里偷偷摸摸地破壞電器，製作陷阱，並在養父母的生活中散布混亂。他的行為最終會讓他得到想要的嗎?
",2,2023-12-03 10:30:00,1,
68,3,房產達人 寵物版,,,1100,990,house-flipper-pets-edition.jpg,id6801.webp,id6802.webp,id6803.webp,2023-09-22,,1,0,"House Flipper提供了成為一人翻新隊的獨特機會。
購買、修復和改造破舊的房屋。
讓它們重獲新生並以利潤出售！
您可以使用一套工具和零件。使用它們來敲打、鑽孔、釘釘和擰螺絲，做任何必要的事情來裝配、修理或清理東西。
嘗試您喜歡的室內設計和裝飾風格。用數百種獨特的物品裝飾和布置室內，您可以自由選擇。
按您的方式玩
您喜歡室內設計，想用您喜愛的風格填滿空房間嗎？
您可以購買一個空公寓並布置它。
您更喜歡只有工程師才能理解的東西嗎？
您可以專注於修理和安裝。
您是“小動作，大改變”方法的專家嗎？
您可以購買一間不錯的房子，通過添加一些風格和修理東西使其變得完美。
您是否想在您的物業中為某個特別的人找到一個位置？感謝寵物DLC，您將有機會照顧一位可愛的伴侶，並一起度過美好時光！",3,2023-12-02 11:20:30,1,
69,2,哆啦A夢 大雄的新恐龍,,,1200,1080,doraemon-dinasour.jpg,id6901.jpg,id6902.jpg,id6903.jpg,2020-12-17,,1,0,"和哆啦A夢一行人前往白堊紀進行冒險吧！
電影哆啦A夢：大雄的新恐龍的遊戲在Nintendo Switch登場！
以恐龍世界為舞台，展開心驚動魄的動作大冒險！
在充滿恐龍的迷宮中，使用秘密道具挑戰多樣的任務吧！
讓人心跳加速的迷你遊戲與恐龍卡片對決等，有許多可以遊玩的內容！
照顧雙胞胎恐龍「小Q」和「小妙」，增進良好的關係吧！
那麼，和哆啦A夢等人出發前往恐龍的世界吧！",4,2023-12-01 13:34:02,1,
70,4,吸血鬼倖存者（Vampire Survivors）,,,1550,1395,vampire-survivors.jpg,id7001.jpg,id7002.jpg,id7003.jpg,2023-08-17,,1,1,"斬殺成千上萬的暗夜生物，存活到黎明升起！
《吸血鬼倖存者》是哥德式恐怖休閒遊戲，具有Rogue-lite元素，你所做的選擇將讓你如滾雪球一般變強，對抗成千上萬不斷襲來的怪物。
地獄一片死寂，惡魔傾巢而出，你無處可逃，也無處可躲。你唯一能做的就是竭盡所能地奮戰到底，直到死神前來帶你解脫。您每次闖關都可以獲得金幣，這些金幣可以用來購買強化與升級選項，好提高下一位倖存",5,2023-11-29 14:00:47,1,
71,3,胡鬧搬家 2（Moving Out 2）,,,1350,1215,moving-out-2.jpg,id7101.jpg,id7102.jpg,id7103.jpg,2023-08-15,,2,1,"《Moving Out 2》是世界知名的物理引擎式搬家模擬遊戲的古怪續作。作為 F.A.R.T 獨自工作或與最多三名好友穿上 Smooth Moves 制服，幫助 Packmore 與其他地方的居民打包配送！


多維度單機與線上多人模式
與朋友一起搬家，一起奔走！無論您喜歡單機合作還是跨平台線上多人遊戲，我們都會為您簽收、封裝和遞送！

全新冒險
我們不再待在 Packmore 了... 透過次元內傳送門，將能探索充滿爆笑愚蠢挑戰與令人笑開懷混亂動作的全新世界。

全新角色與回歸的最愛
《Moving Out 2》提供更多全新的可愛角色，因為 Smooth Moves 僱用了一些新的 F.A.R.T 成員！不過別擔心，Rye Yu 與 Sidney 還在名單上...

闔家遊玩！
輔助模式？！有！大量的無障礙選項？！有！大量角色以及無數個為追求時尚的人量身打造的合身造型？！通通都有！

《Moving Out》回來了，並且比之前更古怪，現在還有線上遊玩模式！回到 Packmore 利用您的搬家技術在全新的次元與一些舊愛中穿梭。協助重建 Smooth Moves 並成為 F.A.R.T. (家具規劃與搬家師傅) 的明星員工！

《Moving Out》回來了，並且比之前更古怪，現在還有線上遊玩模式！",1,2023-07-21 13:45:22,1,
72,4,死亡細胞：重返惡魔城,,,1150,1035,dead-cells.jpg,id7201.jpg,id7202.jpg,id7203.jpg,2023-08-11,,2,0,"玩獲獎的roguelite《死亡細胞》和它的《重返惡魔城》DLC!


4種特殊能力 - 可開放全新地區與路線（參考類銀河戰士惡魔城的道具鎖進行設計）。

兼具傑出的靈敏度、流動性與趣味的戰鬥系統

BOSS衝刺戰模式 – 請連續對抗3個或5個BOSS。亦可與強化的（更高難度）BOSS進行戰鬥！

定期免費更新 - 此刻也正以2∼3個月為週期不斷新增內容！



返回惡魔城

跟著里希達•貝爾蒙特與阿爾卡多，突破歷史悠久的惡魔城迴廊吧！必須以德古拉系列特有的武器擊退怪物軍團後，抵達魔王所在的王座間。

瞧瞧吸血鬼殺手、投擲用斧頭、聖水等14種象徵性武器吧！盡可能維持原版的獨有風格，重新詮釋以融入死亡細胞特有的極速戰鬥。

邁向2個Lv的惡魔城及惡魔城外圍吧！祕密房間。燈火照亮的迴廊。陰沉的墳墓。美麗的圖畫。隱藏在牆壁中的食物。鳥身女妖、狼人、鬼魂附身的鎧甲等，滿滿都是系列的傳統怪物。跟著惡魔城系列的經典角色，踏入哥德風的奇幻世界吧！

您可於進行遊戲時聆聽51首惡魔城原創曲目。另選定了吸血鬼殺手（Vampire Killer）、血色淚水（Bloody Tears）、西蒙•貝爾蒙特主題等代表惡魔城系列的12首原聲帶，並以死亡細胞的風格重新詮釋。

全新故事情節 - 為了擊潰德古拉，里希達•貝爾蒙特與阿爾卡多加入旅程。這兩人不僅會在如迷宮一樣複雜的德古拉惡魔城和你一起尋路，還會給你強大的武器（有時是欣然贈與，有時則不是）。但是光芒所在之處必有影子。強大的敵人會阻擋在通往王座間的路，請務必小心。

3個莊嚴的BOSS - 在壯觀的背景中對抗可謂邪惡本身的死神及德古拉，展開激烈的較勁吧！如果在這場試煉存活下來...歷代最威武勇壯的最終BOSS正等著和你對決。

解鎖20種惡魔城系列的服裝吧！可變成阿爾卡多、里希達•貝爾蒙特、西蒙•貝爾蒙特、瑪莉亞•雷納德、拉爾夫•C•貝爾蒙特、賽法•貝爾南堤斯，甚至是德古拉的樣子進行遊戲！",2,2023-09-07 17:30:05,1,
73,2,超次元戰記 戰機少女 GameMaker R:Evolution（超次元??? ?????? Gam,,,1390,1251,GameMaker-R-Evolution.jpg,id7301.jpg,id7302.jpg,id7303.jpg,2023-08-10,,3,0,"擬人化 X 萌 X 變身
盡情暢玩各種要素
探索全新世界

G.C.2015，游汐葉界迎來守護女神的轉換期，人們盼望有新的守護女神。妮普禔努們開始覺得自己是不是會被漸漸忘記，心中感到不安。

就在此時，「妮普禔努」與「妮普吉雅」突然從游汐葉界消失，來到被稱作「零次元」、瀕臨毀滅的世界。

在那個世界裡，零次元最後的守護女神「天王星渦芽」孤單一人對抗著擁有巨大身軀並且意圖帶領世界走向毀滅之路的破壞神「黑暗女神」。

超次元與零次元的女神們究竟能不能拯救零次元呢？

以新的次元為舞台，妮普禔努的全新冒險就此揭幕。",3,2023-10-31 18:24:59,1,
74,2,可雅與瑪拉的五海盜,,,1090,981,koa.jpg,id7401.jpg,id7402.jpg,id7403.jpg,2023-08-10,,1,0,"跑跑跳跳，在南國的海島大冒險！


■劇情介紹
活潑的少女「可雅」與她的好朋友「娜波波」一起居住在南國的馬拉群島。
某天，可雅的朋友「真宵」傳了一封電報向她求助，看到電報的可雅得知真宵有危險，馬上出發去尋找真宵。
可雅找到真宵後，聽說瑪拉的五海盜在她的朋友們居住的「佳浬島」搞破壞，並且策畫了「海盜的試煉」。為了恢復佳浬島的和平，可雅下定決心挑戰海盜的試煉。
■遊戲介紹
本遊戲是由西班牙遊戲公司 Chibig、Undercoders 及 Talpa Games 共同開發的動作冒險遊戲。為了拯救被五海盜破壞的佳浬市，少女「可雅」將在南國的「馬拉群島」展開一段精彩的冒險。本作為《馬拉的夏天》的續篇，玩家能在優美的南國世界中冒險，體驗刺激的動作遊戲，是一款老少咸宜的遊戲。

?探索馬拉群島，尋找被海盜撕破的「地圖碎片」吧！馬拉群島包括可雅的小島、海盜的據點、火山島以及大冰山！8 種形形色色的島嶼等你來探險！

?遊戲分為兩個部分：與居民交流，收集新島嶼地圖與道具的「冒險部分」，以及挑戰試煉關卡的「動作部分」。兩個部分都會出現許多個性獨特的角色，搭配南國風情的 BGM，讓玩家有更深刻的代入感。

?每座島由 4 個關卡構成。充滿陷阱的關卡、競爭速度的關卡、水中探險的關卡……各式各樣的挑戰等待著玩家。每座島的最後一關都必須與海盜對決，海盜們會利用島嶼的特色，與玩家來一場熱血的比賽！

?收集關卡中的隱藏道具，找回佳浬市被搶走的東西，還能變更可雅的服裝。收集隱藏道具也可以升級可雅的小船，前往新的地方探索。

?遊戲中會出現「海盜比賽」，可雅與夥伴們要在島上比賽，拿到第一名就能得到新的地圖碎片，收集碎片就能前往未知的神祕島嶼。
",4,2023-01-13 20:15:52,1,
75,5,狂野泊車（You Suck at Parking）,,,850,765,you-suck-at-parking.jpg,id7501.jpg,id7502.jpg,id7503.jpg,2023-08-01,,1,1,"You Suck at Parking?》是款具有挑戰性的競速遊戲，您的目標就是停好您的車。


準備好迎接火熱氣氛，享受《You Suck at Parking?》的歡樂體驗吧。只有在這款遊戲裡，您的停車技術遠比駕駛技術更加重要。在超過 100 個令人哭笑不得、有趣又狂野的關卡中，盡情甩尾、巡航，偶爾還能飛上高空，嘗嘗與時間賽跑的激烈競賽。

在故事模式中不斷進步，或是接受每日多人遊戲挑戰，解鎖並獲得新的自訂選項，讓您的座駕更加時尚。

展現您高超的技術，並且登上全球排行榜，向好友證明您的停車技術足以改變全世界。

要是您的朋友老是嘲笑您在現實生活中的停車技術，那就來好友組隊遊戲報仇雪恨吧，您可以主辦一場 8 人遊戲，邀請 3 位好友一同享受混亂的樂趣。

盡情歡笑，盡情流淚。但是不管怎樣您都會發現：您的停車技術真的很爛。",5,2023-11-15 11:36:09,1,
76,2,夏天啦！20 世紀的暑假（????！ 20 世紀?夏休?）,,,1390,1251,summer-in-20s.jpg,id7601.jpg,id7602.jpg,id7603.jpg,2023-07-28,,1,0,《夏天啦！20 世紀的暑假》由《我的暑假》系列的綾部和擔任原作、劇本與遊戲設計，是一款以鄉村城鎮開放世界為舞台的冒險遊戲，將重現令人懷舊的世界觀，具備即時變化的時間與天氣。遊戲中玩家將扮演暑假歸鄉的 10 歲少年主角，在令人懷念的 20 世紀鄉下，度過爬山、游泳、抓蟲、祭典等歡樂的夏日時光。,1,2023-11-10 11:00:09,1,
77,2,迪士尼 奇幻島（Disney Illusion Island ）,,,890,801,illusion-island.jpg,id7701.jpg,id7702.jpg,id7703.jpg,2023-07-28,,2,1,"米奇與好朋友即將展開大冒險
加入米奇與好朋友的行列，一起探索神祕的莫諾斯島，尋回三本神秘之書，在災難來臨之前拯救世界！
化身為米奇與好朋友進入遊戲世界
選擇喜愛的角色，在平台上大顯身手、解開趣味謎題，並和魔王進行極致對決的同時解鎖特殊能力。
揭開《迪士尼奇幻島：米奇與好朋友大冒險》的神祕面紗
在這座既美麗又神祕的島嶼上盡情奔跑、游泳、擺盪及跳躍，並探索豐富的生物群落、迷人的角色與隱藏的秘密。
4人合作模式和朋友同樂
單人遊玩或邀請三位朋友，以4人單機合作模式拯救莫諾斯島。與好友組隊，並使用繩索降落、跳蛙及熱情擁抱等獨特技能。
成為原版米奇卡通的一份子
手繪動畫、原創配樂及原版配音員，帶您體驗全新的米奇與好朋友冒險旅程",2,2023-11-15 11:36:09,1,
78,2,夕鬼,,,530,477,yuoni.jpg,id7801.jpg,id7802.jpg,id7803.jpg,2023-07-27,,3,0,"◆身陷黃昏怪談世界的少女
《夕鬼 -Yuoni-》是以90年代日本為舞台的第一人稱視角恐怖遊戲。
一位不自覺地在內心築起一道牆的少女，硬是被邀請參加了試膽比賽。
她因此被名叫阿常的幽靈給纏上，還被帶到了黃昏世界，被迫和他玩耍。
只有一道影子的人、眼珠外露的鬼怪……在黃昏世界裡，少女每天都為了躲避怪物的襲擊而四處逃跑。
──到最後，這些怪物也開始出現在現實世界當中。而少女也……",3,2023-09-15 11:36:22,1,
79,4,雙截龍外傳：雙龍出海,,,850,765,double-dragon-gaider.jpg,id7901.jpg,id7902.jpg,id7903.jpg,2023-07-27,,3,1,"在這個標誌性的橫向捲軸動作過關遊戲系列全新作品中，探索年輕的雙截龍兄弟的早期起源，他們將與全新或熟悉的敵人對抗。在這個全新的Roguelite遊戲中，每次遊玩都是嶄新的遊戲體驗。遊戲擁有獨特而動態的關卡結構，你所選擇的任務順序將改變遊戲的難度。

你不僅可以選擇作為經典組合的李比利和李吉米，還可以進行換搭，選擇瑪莉安和大叔馬丁，或者嘗試解鎖其他9個角色，每個角色都有自己獨特的招式和遊戲風格。透過本地2人合作，你和朋友一起清理這些危險的街道，使遊戲的樂趣倍增。",4,2023-09-16 11:31:27,1,
80,1,慟哭奇機,,,1590,1431,crymachina.jpg,id8001.jpg,id8002.jpg,id8003.jpg,2023-07-27,,3,1,"即使毀壞一切，我也要活下去。
內含CRYMACHINA 慟哭奇機遊戲本體以及以下內容的組合商品。
【CRYMACHINA 慟哭奇機 打滿分喔終極版商品內容】
•CRYMACHINA 慟哭奇機 數位版美術設定集（80P）
刊載CRYMACHINA 慟哭奇機的插畫及設定圖片，插畫繪師及總監等製作人的幕後秘辛的特別內容。
•婚紗禮服服裝著組
•軍用服裝（亞美）
•軍用服裝（美琴）
•軍用服裝（蕾文）

????????????????????????
人類滅亡後的未來。
機械少女為了成為「真正人類」而戰鬥。
完全新作動作RPG

■ 遊戲介紹
故事的背景是在人類滅亡後的未來。
機械少女們為了成為「真正人類」，進行戰鬥的全新動作RPG。
能夠體驗到少女們痛哭流涕為了戰勝殘酷命運的精神淨化。",5,2023-09-17 10:36:24,1,
81,2,皮克敏 4（Pikmin 4）,,,1290,1161,Pikmin-4.jpg,id8101.jpg,id8102.jpg,id8103.jpg,2023-07-21,,2,0,"未知的行星裡到處都是落難者……和皮克敏一起前往救援吧！
「皮克敏」系列最新作於Nintendo Switch登場。
不幸墜落在未知的行星的「船長?歐利瑪」。「救援隊」接收到歐利瑪發出的求救訊號，卻也在前往救援時落難。最後的希望只剩下在本部待命的救援隊新人隊員——「您」。

「您」所降落的地方，是許多危險的原生生物棲身的神秘行星。「您」在此遇見了不可思議的生物「皮克敏」，並借助它們的力量展開探索。

▼「皮克敏」是什麼？
把皮克敏從地面拔起來，它們便會一個跟著一個，隨著主角前進。遇上需要搬運重物、破壞牆壁等各種狀況，皮克敏都會為主角孜孜不倦地工作。

皮克敏也會勇敢地對抗原生生物。雖然每隻皮克敏都十分弱小，有時甚至會不幸被吃掉，但只要集合多隻皮克敏的力量，便有可能打敗身型龐大的對手。

皮克敏有著各樣不同的種類。「紅色皮克敏」十分耐火，「藍色皮克敏」能在水裡游泳……諸如此類，各有特點。

最新發現的「冰凍皮克敏」則能夠凍結原生生物和水面。向冰凍皮克敏發出指示，主角一行人便可在凍結的冰上前進。

此外，還會和只有晚上才會現身的「發光皮克敏」一起，陸續前往探索原生生物會變得格外凶猛的危險晚上。

▼搭檔「歐慶」
與主角共同行動的宇宙犬「歐慶」。歐慶能獨自搬運重物，也可載著主角和皮克敏橫渡有水的地方。此外，歐慶還能追蹤物品的氣味，並往所在地點帶路。

皮克敏和歐慶都會依照主角的指示工作。只要了解各自的特點，發揮「當多慮」來給出正確指示，無論遇上怎樣的危機，想必都能夠克服。

▼致初次遊玩「皮克敏」的玩家
皮克敏有時候會被原生生物吃掉，或是被電和火等擊倒，可能會因而失去皮克敏。這種時候只要倒轉時間到稍早一刻，便能不斷重新挑戰。要是失去了大量的皮克敏，可以倒轉時間，嘗試再次好好地引導皮克敏。

另外本作的故事可供2人遊玩。2p可使用游標瞄準原生生物進行「掩護射擊」，或是使用道具來支援1p。要是遊玩途中感到困難，可善用2p的支援來推進故事。",1,2023-09-18 11:36:22,1,
82,4,猴子桶戰,,,950,855,monkey-barrels.jpg,id8201.jpg,id8202.jpg,id8203.jpg,2020-12-10,,1,1,"「猴子桶戰」世紀末猿蟹合戰！
硬派爽快動作射擊遊戲！
超魄力大型頭目戰！


　　《MONKEY BARRELS》是以被家電廠商「蟹田電子公司」支配的世紀末日本為舞台，描寫猴子們戰鬥的動作射擊遊戲。以點陣圖配合 3D 圖片打造出讓人懷念同時又有新意的遊戲畫面，收錄搭配使用 98 種武器來闖蕩 22 個關卡的硬派故事模式，以及最多可同時讓 6 名玩家參戰的網路連線對戰模式。

　　玩家要從總共 98 種不同的武器中，挑選出以槍械為主的兩種「主要武器」，和包含手榴彈或護盾的兩種「輔助武器」，對應不同戰況靈活運用的俯瞰型動作射擊遊戲。

　　玩家可以視自己喜歡的玩法和目前要攻擊的關卡構成，自由搭配各有不同特色的武器，挑戰一共有 22 個的硬派關卡。而且在各個區域最後，還會有強悍而又獨特的區域頭目準備迎戰玩家。",2,2023-09-19 10:36:23,1,
83,5,信長之野望 新生 with 威力加強版,,,1990,1791,shinchang-new-life.jpg,,,,2023-07-20,,1,0,,3,2023-09-07 13:30:05,1,
84,3,超狂技師（Manic Mechanics）,,,990,891,manic-mechanics.jpg,,,,2023-07-13,,1,1,,4,2023-09-07 13:38:05,1,
85,1,東方 New World,,,1890,1701,newworld.jpg,,,,2023-07-13,,3,0,"幻想鄉大冒險！彈幕動作RPG登場！
躲過如暴風雨般襲來的彈幕，以超華麗技能將敵人一掃而空！
將有30位以上廣為人知的「東方Project」角色登場。


◆彈幕×動作RPG
以衝刺或跳躍躲過狂風暴雨般的彈幕，再使出超華麗的攻擊將敵人一掃而空，體驗爽快的動作感！運用能夠遠距離攻擊的護符等「技能」，還有傷害極高、能夠一舉扭轉戰況的「符卡」等手段，迎戰發射大量彈幕的強敵吧！

◆配合遊玩風格自由調整技能！
等級提升後可以獲得各式各樣的技能，例如發射彈幕進行遠距離攻擊，或施展武術展開近距離攻擊等等。只要不斷使用獲得的技能，就能提升技能的等級，性能也會變得更強。

◆自由地強化生命與攻擊力等能力！
使用任務報酬等獲得的強化石，配合你自己的遊玩風格調整能力吧！

◆收集自己喜歡的裝備吧！
武器、防具、飾品這些裝備可以透過任務報酬或打倒敵人獲得。而且如果前往「鐵匠鋪」還能重新鍛造裝備，隨機改變各項裝備性能。

◆解決幻想鄉居民們的煩惱，完成各式各樣的次要任務！
幫忙完成人類、仙人、妖怪們的請求（次要任務）吧。從尋人、調查異變到與人偶進行模擬戰等五花八門的請求層出不窮。完成任務後將能獲得提升玩家能力的強化石，還有讓人更容易在戰鬥中取得優勢的稀有裝備。",5,2023-09-22 11:42:22,1,
86,2,花之女王,,,1690,1521,flower-queen.jpg,,,,2023-07-13,,3,0,"向我宣誓。承諾愛，與忠誠——
很久以前，有一位女神伸出援手，
拯救了這個瀕臨滅亡的世界。
女神與她麾下的四名騎士一起，
用能夠滋潤貧瘠土地、
滋養損耗生命的力量「恩典」，拯救了世界。
之後，女神陷入沉眠，
由女神的附身對象「女王」，
以及從人間選出的四名騎士共同繼承女神的意志，
世界在女神施捨的恩惠下逐步發展。

然而，從某一時期起，
代代傳承的女王之位無人繼任。
恩典的供給停止，
世界即將再次陷入黑暗。

終於，人們盼望已久的下任女王——
薇歐蕾特誕生。

她依照慣例，
選出了成為女王騎士的四名騎士。
然而，或許是因為女王之位經歷了長久的空缺，
他們的內心抗拒著與女王建立情誼。

要恢復對世界供給恩典，
騎士的協助不可或缺。

薇歐蕾特為了獲取他們的信賴與忠誠，
展開了行動——",1,2023-09-23 11:36:25,1,
87,1,東?幻都 eX+ for Nintendo Switch,,,1090,981,tokyo-xplus.jpg,,,,2023-07-13,,3,0,,2,2023-09-24 11:36:46,1,
88,2,佛雷迪的五夜驚魂：安全漏洞,,,1090,981,five-nights-at-freddys.jpg,,,,2023-07-11,,3,0,,3,2023-09-25 11:36:01,1,
89,3,大富翁 4 Fun,,,390,351,richman-4-fun.jpg,,,,2023-07-06,,1,1,,4,2023-09-26 11:58:25,1,
90,2,致命頻率,,,1190,1071,killer-frequency.jpg,,,,2023-07-06,,3,0,,5,2023-09-27 11:36:22,1,
91,5,漂亮公主 魔法園藝小島,,,1090,981,pretty-princes-magic-clothes.jpg,,,,2023-07-06,,1,0,,1,2023-09-28 11:17:20,1,
92,1,英雄學院物語 2,,,990,891,hero-school-story-2.jpg,,,,2023-06-30,,3,0,,2,2023-09-29 11:36:22,1,
93,3,Everybody 1-2-Switch!,,,690,621,everybody-1-2-switch.jpg,,,,2023-06-30,,1,1,,3,2023-09-30 10:33:03,1,
94,2,超偵探事件簿 霧雨謎宮（超探偵事件簿 ??????）,,,1290,1161,rain-code.jpg,,,,2023-06-30,,3,1,,4,2023-10-01 11:36:22,1,
95,2,迪士尼魔法城堡 我的快樂生活 2：Enchanted Edition,,,890,801,disney-enchanted-edition.jpg,,,,2021-12-02,,2,1,,5,2023-10-02 10:31:27,1,
96,1,異能傷痕（????? ),,,1590,1431,xicatrice.jpg,,,,2023-06-29,,3,0,,1,2023-10-03 11:10:37,1,
97,5,小小伙伴：狗狗小島（Little Friends: Puppy Island）,,,850,765,little-friends-puppy-island.jpg,,,,2023-06-27,,1,0,,2,2023-10-04 10:36:03,1,
98,4,索尼克 起源 PLUS,,,990,891,sonic-origins-plus.jpg,,,,2023-06-23,,1,1,,3,2023-10-05 11:36:22,1,
99,2,KLAP!! ~愛與懲罰~,,,1590,1431,klap.jpg,,,,2023-06-22,,3,0,,4,2023-10-06 11:10:20,1,
100,5,牧場物語 Welcome！美麗人生,,,1090,981,100_STORY_OF_SEASONS_A_Wonderful_Life.jpg,100-1.jpg,100-2.jpg,100-3.jpg,2023-06-22,,1,0,"體驗牧場、家庭與另一種人生。
以「遺忘之谷」為舞台， 展開一場長達數十年生活的故事。


現在，您將開始體驗一場難忘的悠閒生活。

故事總共有6個章節。
在山谷環繞的聚落「遺忘之谷」的生活從尋找人生伴侶開始。那是在牧場照顧牛與雞、培育農作物度過每一天，盡情體驗自由生活的日子。最後，您將會有新的家人，在守護新生命成長的同時繼續體驗時光緩慢流逝的悠閒生活。除了牧場的工作之外，還可以去釣魚、採掘、與個性豐富的人們交流並創造回憶，一轉眼就發現孩子已經長大成人。

本作品加入許多追加要素，例如新事件/祭典/農作物/料理，以及照相機/跑腿等全新功能，是『牧場物語 美麗人生』的重製作品。
不論您是初次遊玩牧場物語的玩家或是有玩過以前原作的玩家，都能在遺忘之谷度過美麗人生。",5,2023-12-03 16:45:00,1,
101,2,島嶼鐵道局（Tails of Trainspot）,,,320,288,100_STORY_OF_SEASONS_A_Wonderful_Life.jpg,101-1.jpg,101-2.jpg,101-3.jpg,2023-06-16,,1,0,"建設鐵道連結車站與動物們的友情。
《島嶼鐵道局》中你可以暫離現實的煩擾，沈浸在帕岡群島的世界裡，與島上的動物居民交流，深入探索帕岡群島的神祕歷史。除了常規的故事模式外，遊戲還提供了無盡模式和排名挑戰模式，讓您盡情挑戰自己的謎題解決能力。

遊戲規則簡單易懂，但挑戰性十足。地圖上有數字在1到8之間的車站，代表到車站的實際軌道數。要解決難題，玩家需要考慮如何在各個車站鋪設軌道，調整所需軌道的數量並確保所有車站都相連。",1,2023-12-03 16:49:05,1,
102,2,豪豬鎮之秋（Fall of Porcupine）,,,625,562.5,102_Fall_of Porcupine.jpg,,,,2023-06-15,,2,0,,2,2023-12-03 19:58:24,1,
103,7,小鳥之翼BIRDIE WING -Golf Girls' Story-,,,620,558,103_BIRDIE_WING _Golf_Girls__Story.jpg,,,,2023-06-15,,1,1,,3,2023-12-03 20:03:07,1,
104,6,世界摩托車錦標賽 23,,,1350,1215,104_MotoGP 23.jpg,104-1.jpg,104-2.jpg,104-3.jpg,2023-06-08,,1,1,"MotoGP? 官方遊戲帶著大量的新開發內容回來了。
油門全開、超越對手、衝過終點線：在全新《MotoGP?23》實現成為下一個冠軍的夢想，這次比以往都還要更精彩刺激、挑戰性十足！
可供挑選 MotoGP?、Moto2?、Moto3? 和 MotoE? 有四個廣受讚譽的錦標賽級別，扮演您最喜歡的車手，前往賽道體驗 2023 年賽季的刺激快感。",4,2023-12-03 17:12:23,1,
105,7,超級棒球 4,,,796,716.4,105_Super_Mega_Baseball.jpg,105-1.jpg,105-2.jpg,105-3.jpg,2023-06-02,,1,1,拿起您的手套和球棒，是時候與史上最佳的棒球球員一起上場了，《Super Mega Baseball? 4》現已推出。這是傳奇球員們展現精湛技術的場域。包括弗拉迪米爾·葛雷諾、強尼·戴蒙、奧茲·史密斯和傑森·吉昂比等，超過 200 名粉絲最愛的前職業球星已經準備好踏入球場，加入廣受喜愛的超級聯賽全明星陣容。這個系列的風格以街機為靈感，提供身臨其境的遊戲深度，讓棒球更加偉大。《Super Mega Baseball? 4》保留了熟悉的經營和「錦標賽」等遊戲模式，加上了全新功能讓棒球變得更加偉大。此外，最新版本的遊戲在視覺上進行了系列作最大型的升級，具有令人大開眼界的全新視覺效果，從動畫、角色到球場，還包括休息室台到更衣間的清晰音效升級。參照了玩家社群的意見，《Super Mega Baseball 4》即將推出一系列粉絲要求的新功能，讓遊戲更有深度，包括球隊默契、隨機選秀和 6 個全新球場等新增系統。為了讓玩家社群更大又更緊密，跨平臺多人模式已改進為包括跨世代主機配對的棒球錦標賽和線上聯賽，讓玩家可以在更多遊戲系統中與好友享受棒球的樂趣。,5,2023-12-03 17:22:12,1,
106,2,背信女友∼Girlfriend's Betrayal∼,,,388,349.2,106_Girlfriend_s Betrayal.jpg,106-1.jpg,106-2.jpg,106-3.jpg,2023-06-01,,4,1,"『背信女友∼Girlfriend's Betrayal∼』是描寫對自己沒有自信的主角的言行與女主角們之間產生隔閡、因而讓女主角們的感情受到動搖的小說作品。
為玩家獻上與5名女主角之間椎心蝕骨的戀愛故事。

◆遊戲簡介
我無法相信眼前發生的是情，腦中一片空白。
否定眼前的現實，相信一切是假的，讓自己無法理解當下的事情，會有多麼輕鬆呢…。


◆劇情概要
我身旁的是交往半年的第一個女友。

「那個……今天要不要來我家？」「…啊、抱歉。我今天也有事情」

本來想要舉辦交往半年紀念派對，沒想到遭到拒絕。
最近老是這樣。
她總是剛好有事情，讓雙方的時間都搭不上。
可是…這也沒辦法。那就下次吧、我也只能笑著帶過。

但是，那個既不是她也不是我喜歡的「神秘的閃亮耳環」、
為什麼會讓我感到這麼不安呢…。
這是一款將2015年「Blackcurrant」發售的美少女遊戲對應「CS小說部」平台，重新製作成面向世界全年齡玩家的作品。",1,2023-12-03 17:27:17,1,
107,2,肉食辣妹竟是清?派！？,,,388,349.2,107_Innocent_Stuck_up_Girls.jpg,,,,2023-06-01,,4,1,,2,2023-12-03 17:32:27,1,
108,4,大家最喜歡的塊魂 Encore + 國王的小小回憶（???大好?塊魂?????+ 王???????）,,,790,711,108_We_Love_Katamari_REROLL_Royal_Reverie.jpg,,,,2023-06-01,,1,1,,3,2023-12-03 17:38:37,1,
109,1,世界樹的迷宮 I?II?III HD Remaster,,,1990,1791,109_I_II_III_HD_Remaster.jpg,109-1.jpg,109-2.jpg,109-3.jpg,2023-06-01,,3,0,"在小小的城鎮「埃托利亞」郊外發現了巨大的地下樹海「世界樹的迷宮」。
玩家將化身成冒險者，為了尋求龐大的財寶而踏入迷宮。

本作是將Nintendo DS平台上發售的原始版本針對HD高畫質處理來強化圖像。除了改良UI介面外，還新增了「選擇難度」、「自動描繪地圖」、「可選擇其他職業插圖的提升打造角色自由度」等新要素。
請務必享受遊玩重新復甦後變得更加美麗的『世界樹的迷宮』系列吧。

※『世界樹的迷宮』系列3部作品一起販售的超值套組『世界樹的迷宮Ⅰ?Ⅱ?Ⅲ HD REMASTER』也正在發售中。",4,2023-12-03 17:44:50,1,
110,1,LOOP8降神（??????）,,,1390,1251,110_LOOP_8.jpg,110-1.jpg,110-2.jpg,110-3.jpg,2023-06-01,,3,1,"這個世界是一連串的「選擇」。


■度過「日常」生活來對抗「非日常」
你將化身主角邇邇重複「日常部分」與「非日常部分」，度過1983年8月的1個月期間。本作?建獨特的情感辨識AI＜卡雷爾系統＞，角色的情感與人際關係會隨時發生變化。
因此，每位玩家發生的事件與台詞皆會有所不同，可體驗名符其實的「專屬你的夏天」。

■充滿懷舊風情的世界觀
復古街道讓人回想起昔日的日本夏季，光是身處這般場景中，就能感受到濃濃的懷舊感。此外，玩家還能到商店街的定食店等店家進行回復，並同時運用店家來培養與角色們的羈絆。

■可透過LOOP品味無限次的故事
在本作裡，玩家可在任意時間點進行LOOP，可善用LOOP讓遊戲進行得更順暢。
此外，藉由LOOP還能看到角色們嶄新的一面，因此不論LOOP多少次，都依然能享受故事帶來的樂趣。

■你所建立的人際關係將化為「強度」
戰鬥中的強度取決於你至今建立的人際關係，而非等級。
此外，夥伴角色將會依自身的感情以及與其他角色間的人際關係來採取行動。
你每天的「行動」與「選擇」，將大幅左右與威脅人類的禍害＜化外＞間的戰局。",5,2023-12-03 17:46:13,1,
111,3,妖果小學,,,880,792,111_MOSTER_FRUIT_ACADEMY.jpg,111-1.jpg,111-2.jpg,111-3.jpg,2023-05-26,,1,1,"為全家同樂打造的熱血跑酷遊戲！遊戲融合了反應考驗、圖像認知、競賽冒險及卡牌蒐集等多項元素，同時提供單人至四人合作模式，玩家可相互合作與競爭，大人小孩都能輕鬆上手。
這是一個關於人類與小妖怪們的故事…
妖怪世界又將面臨嚴峻的考驗，小妖們能夠突破自我並了解團結的真諦，解救妖怪世界嗎...妖果小學是款熱血的跑酷彈幕射擊遊戲，不論是在單人遊戲或是四人的合作模式中，體驗互助但又充滿競爭性的挑戰冒險模式。玩家們將會裝備各式風格不同的卡牌，並且一同合作成為最玩美的小妖戰隊。",1,2023-12-03 17:50:06,1,
112,3,健身巡遊,,,1490,1341,112_Fitness_Circuit.jpg,112-1.jpg,112-2.jpg,112-3.jpg,2023-05-26,,1,1,"全民健身，同樂巡遊！


◆活用「超級巡遊健身」的訓練方法
《健身巡遊》活用「超級巡遊健身」的方式進行運動，所謂「超級巡遊健身」是一種交互進行有氧運動和肌力訓練，可以在短時間內有效率地提升燃燒脂肪效率、肌力以及肌耐力的訓練方式。
如此高效率的健身方法，無須每天遊玩，只要「每次十分鐘、每週三次」即可達到健身效果。※

◆為玩家量身訂做最符合需求的訓練規劃
《健身巡遊》能針對玩家的健身目的自動安排好符合需求的訓練規劃，好比說改善運動不足、維持身材、塑身、燃脂減重、增強體力、紓壓等等。系統也內建協助玩家自我管理的便利功能，可以查看消耗的熱量、體重變化數據圖表等等。

◆透過網路連線和朋友一起健身
選擇自訂遊玩模式，就能跟親朋好友一起透過網路連線展開最多4人同樂的健身訓練！

◆豐富的要素鼓勵玩家持續運動
遊戲過程中，除外功能能把不擅長的動作預先排除、稱號系統讓玩家可以因應運動進度獲得各種稱號，巡遊跑者的外觀造型也能按照喜好設計調整，諸如此類，遊戲中準備了豐富的要素鼓勵玩家持之以恆地運動。

◆超人氣聲優成為你的專屬教練
總共6名的巡遊跑者從旁支援、全程陪伴玩家健身。
只要按照巡遊跑者提供的精準建議，即可發揮更好的健身效果。",2,2023-12-03 17:52:56,1,
113,1,魔界戰記 DISGAEA 7,,,1490,1341,113_DISGAEA_7.jpg,113-1.jpg,113-2.jpg,113-3.jpg,2023-05-25,,1,0,"【史上最凶惡的戰略RPG最新作登場！】
全世界累計銷售套數500萬套，史上最凶惡的戰略RPG【魔界戰記DISGAEA】系列最新作！【最高等級9999】、【破億傷害】皆為必備！
讓角色「超」巨大化的【最魔弩德卡】和【道具轉生】等，以新穎的方式打破大量常識！
【這次的魔界是「和風」魔界！？】
以和風魔界「日之本魔界群」為舞台，流浪武士「富士」與日之本御宅族少女「皮莉莉卡」為了從侵略者手中奪回蕭條的日之本魔界，舉起「打倒·大穢戶幕腐」的旗幟，在魔界群掀起狂瀾！
胸懷武士道，宰了窩囊的幕腐！
【目標是成為魔界的日本第一！「線上AI對戰」】
可與全國玩家進行線上戰鬥，首次實裝AI對戰功能【排名對戰】的系列作！
角色們會按照玩家在AI功能【魔心編輯】所設定的戰略進行自動戰鬥！
配合對戰關卡的特性和對手的行動模式研擬策略，設定最適當的行動吧。",3,2023-12-03 17:54:38,1,
114,8,無盡迷宮（Endless Dungeon）,,,1090,981,114_ENDLESS_DUNGEON.jpg,,,,2023-05-18,,3,0,,4,2023-12-03 18:00:48,1,
115,2,薩爾達傳說 王國之淚（The Legend of Zelda: Tears of the Kingd,,,1850,1665,115_The_Legend_of_Zelda_Breath_of_the_Wild.jpg,115-1.jpg,115-2jpg,115-3.jpg,2023-05-12,,3,0,"無盡的冒險，擴張至無垠的天空。
《薩爾達傳說 曠野之息》續篇登場。


廣闊無垠的「大地」，接下來更擴張至浮雲之上的「天空」——在這個世界裡，所往之處、所做之事，一切皆由自己作主。要在空中穿梭翱翔，或是在不可思議的空島進行探索？還是要運用林克手中的全新力量，迎戰海拉魯的異變？專屬於你的無盡冒險，再度啟程。",5,2023-12-03 18:02:15,1,
116,7,曼島旅行者盃：極限邊緣 3,,,1490,1341,116_TT_Isle_of_Man_Ride_on_the_Edge_3.jpg,,,,2023-05-11,,1,1,,1,2023-12-03 18:06:05,1,
117,1,戰場的賦格曲 2（?場????2）,,,1048,943.2,117_Fuga_Melodies_of_Steel.jpg,117-1.jpg,117-2.jpg,117-3.jpg,2023-05-11,,1,0,"前作結束後過了１年……「絕望」只是其中的一站！

為了調查被回收的塔拉尼斯，孩子們被找去首都法老。
但不知為何，在調查中塔拉尼斯突然發生失控，載著５個孩子逃走了。
於是馬爾托等留下的孩子們搭上了過去敵方的武器塔拉斯庫斯，去追尋塔拉尼斯。

【戰術性更加提升的ˊ戰鬥系統！】
除了聽取玩家的意見，改善了操作性外，
透過新的靈魂加農砲和瑪娜嘉爾姆，玩家更可體驗到極致的戰術性！

【充滿「抉擇」而更加扣人心弦的路線進行！】
抉擇所帶來的路線分歧更有趣了！
飛行船輔助系統又進一步擴大了更多抉擇的可能！

【由抉擇的積累創造出新故事的事件系統！】
在故事中的做出的抉擇將累績到決斷量表，對事件產生影響！
玩家可以體驗到親身參與故事的樂趣！

《戰場的賦格曲２》是一款關於抉擇與決斷的RPG，
能在玩家心中刻下比前作更加深刻的絕望、憤怒、悲傷與感動！",2,2023-12-03 18:11:19,1,
118,3,超級地下城創作大師（Super Dungeon Maker）,,,714,642.6,118_Super_Dungeon_Maker.jpg,,,,2023-05-03,,1,0,,3,2023-12-03 18:18:49,1,
119,3,色彩繽紛（Color Breakers）,,,420,378,119_COLOR_BREAKERS.jpg,119-1.jpg,119-2.jpg,119-3.jpg,2023-04-28,,1,1,"《色彩繽紛》是一款最多可以四人參與的混亂彩色遊戲。無論是線上還是線下，和你的同伴們在限時內完成你的畫作，並同時避開危險的障礙-超速的車子和凶惡的獅子。

?線上多人、本地多人、或單機！
和你的親朋好友一起在線上或本地多人模式上共享《色彩繽紛》！想獨自作畫的玩家也可以單擊挑戰遊戲。

?挑戰其他玩家！
在對戰模式中，你能和其他玩家一起在挑戰模式中製作專屬的彩畫。戰勝對方的作品並搶先讓大家知道誰才是最優秀的畫家！

?在不同的混亂環境下填滿色彩
探索5種充滿不同危險障礙的地點例如高速公路或森林。注意每個地點中不同的環境障礙，比如說是頑皮的海盜或巨大的雪球。

?秀出你的藝術細胞
在創作模式中秀出你的藝術細胞，自己創作你的獨家作品。你還能把你的作品儲存到畫廊上並舉辦你個人的藝術展。",4,2023-12-03 18:56:02,1,
120,4,Omega Strikers,,,0,0,120_Omega_Strikers.jpg,120-1.jpg,120-2.jpg,120-3.jpg,2023-04-28,,2,1,"在這個快如閃電的3對3鬥球比賽中，將對手打出競技場並進球得分。扮演15個以上氣派的前鋒之一，用投擲史萊姆、拋擲豆腐和火箭推進來獲得勝利。與朋友組隊，戰勝對手，成為一名Omega Striker吧。
 
每場比賽都不相同
爆破、彈跳並衝撞對手，讓他們陷入慌亂和電擊地圖危害之中。在超速奔馳地圖上以極快的速度衝刺，或使用巨大化增益效果長成巨大體型。
 
玩出你的風格
賺取積分來解鎖強大的新前鋒，每位都有獨特的能力。用訓練打造自訂的遊戲風格，接著用外觀和表情來打理你自身的門面。
 
大型賽季更新
Omega Strikers將持續發展，每個新賽季都會有新前鋒、新賽場、新可解鎖物品以及更多新玩法。
 
一些展示內容，包含遊戲內購買的內容，可能需視情況到遊戲內的商店單獨購買。",5,2023-12-03 19:00:22,1,
121,2,汪汪喵喵動物醫院 拯救寵物的重要工作,,,1090,981,121_Pups_and_Purrs_Animal_Hospital.jpg,121-1.jpg,121-2.jpg,121-3.jpg,2023-04-27,,1,0,"成為憧憬的寵物醫生，拯救受了傷或患病的可愛寵物吧！


玩家(＝主角)工作的地點，是專門接收及照顧貓貓狗狗的動物醫院。
在那醫院裡，與心地善良的院長以及各有個性的寵物醫生前輩們同心協力，拯救每天因受傷或患病而來到醫院求診的寵物。

◆透過""真實感""十足的「看診模式」把傷口或疾病找出來吧！
除了仔細地觀察或觸摸寵物的身體之外，還可以利用
聽診器、溫度計或Ｘ光機等的醫療工具，按照寵物主人的筆記以及前輩們提供的建議，憑個人經驗和能力找出寵物不適的原因。

◆完成看診後，透過20種不同的迷你小遊戲進行治療吧！
從看診中找出來的傷口或疾病可以透過迷你小遊戲來進行治療。
為減輕寵物的不安而必須變得熟練的緊張感以及順利完成了治療的滿足感，也是本作品的迷你小遊戲的賣點所在。

◆休息日盡情放鬆！體驗一下大人的生活方式！
不用上班的休息日，可以在市鎮裡購物、在髮型屋更改髮型、或是到咖啡廳悠閒地打發時間，使用賺回來的薪金，體驗一下「大人的休息日」！",1,2023-12-03 19:03:58,1,
122,2,漁帆暗湧（DREDGE）,,,660,594,122_ DREDGE.jpg,122-1.jpg,122-2.jpg,122-3.jpg,2023-04-27,,2,0,"指揮您的拖網漁船來探索一系列遙遠群島與周遭的深海，查看底下有什麼東西。將抓到的東西賣給當地人並完成任務來了解更多該區域過往的問題。用更好的裝備打點船隻來捕撈深海壕溝並航向偏遠大陸，但是要留意時間。您可能不會喜歡在晚上發現的東西...
遊戲特色

● 解開謎團：指揮您的拖網漁船來探索一系列遙遠群島，每座島都有獨特的居民、野生動物和故事可以探索

● 採撈深海：探索大海各處，尋找隱藏的寶藏並完成任務，即可解鎖奇特的新能力

● 精益求精：研究特殊裝備並升級漁船能力，即可捕撈稀有魚種和珍貴的深海奇物

● 捕魚生存：把發掘到的物品賣給當地人，進一步了解每個地區，並升級漁船，航向更偏遠的地點。

● 對抗不可理解之物：鍛鍊你的心靈，善用自己能力熬過海上的夜晚",2,2023-12-03 19:07:17,1,
123,2,荊棘：群山之王（Bramble: The Mountain King）,,,1250,1125,123_Bramble_The_Mountain_King.jpg,123-1.jpg,123-2.jpg,123-3.jpg,2023-04-27,,4,0,"《荊棘：群山之王》將帶你穿越令人震撼不已的景致、踏上令人不安卻又緊扣心弦的旅程。在遊戲中扮演奧列，一名為了拯救被恐怖巨魔綁架的姊姊而踏上旅途的男孩。

《荊棘》的一切並不如其看上去那般幽靜。在這個充滿大小不同事物的奇異土地，你必須掌握好進退躲避的時機。許多飢渴的邪惡野獸潛伏在森林與洞穴中。千萬要小心啊……

喚醒勇氣星火吧，這種附魔碎片能助你撐過旅途中的陷阱與試煉。用獨特的方式擊敗遭遇到的恐怖生物吧。但請務必注意，缺乏善良的勇氣將會帶你走向黑暗的道路。

主要特色
? 扮演勇敢的男孩奧列，踏上拯救自己姊姊的旅程。
? 探索美麗但危險的世界。
? 遭遇北歐傳說中的扭曲神祕生物，展開史詩級頭目戰。
? 體驗高級視覺享受所帶來的緊張刺激時刻。",3,2023-12-03 19:12:02,1,
124,5,德斯塔：夢中追憶（Desta: The Memories Between ),,,500,450,124_Desta_The_Memories_Between.jpg,124-1.jpg,124-2.jpg,124-3.jpg,2023-04-26,,2,0,"在如夢似幻的世界找到出路
墜入夢境吧！在這款回合制輕度 Rogue 遊戲中探索超現實世界，重溫回憶、重拾友誼，修復不圓滿的關係。故事由角色推動，破碎的關係、沒說出口的話，以及探索夢境找尋答案的可能，都等你來體驗！

遊戲特色：
? 暢玩超現實丟球遊戲：在運動風格的回合制對戰中使出花式擊球、精準殺球、完美拋擲。隨著一夜又一夜過去，德斯塔 (Desta) 也會逐漸累積經驗，更能應對這個超現實世界，並發現新能力和致勝關鍵。
? 徜徉遼闊夢境：每天晚上，德斯塔都會墜入神秘的幻夢國度，拼湊成這個空間的是一片片昔日之地的碎片，一段段遺憾往事，以及力量強大、足以左右對話發展的球體。
? 認識生動的角色：跟隨德斯塔認識各式各樣古怪而有趣的角色，他們都有各自的超凡能力，也都與夢境有著不同的淵源。
? 適合所有玩家：遊戲從頭到尾的設計都將技巧各異的玩家納入考量，無論新手老手都可以完整體驗這趟旅程。遊戲涉及自我省思、焦慮、心理健康、失去父母、性別認同等課題，請玩家自行斟酌。本遊戲由 ustwo games 出品。",4,2023-12-03 19:19:09,1,
125,2,心淵夢境,,,950,855,125_Afterimage.jpg,,,,2023-04-25,,3,0,,5,2023-12-03 19:23:13,1,
126,5,我的世界：傳奇（Minecraft Legends）,,,990,891,126_Minecraft_Legends.jpg,,,,2023-04-18,,2,0,,1,2023-12-03 19:25:55,1,
127,1,Final Fantasy 像素複刻版 I-VI 合集,,,990,891,127_Final_Fantasy_X_X-2.jpg,,,,2023-04-20,,3,0,,2,2023-12-03 19:30:14,1,
128,4,失落史詩（LOST EPIC ）,,,552,496.8,128_Lost_Epic.jpg,,,,2023-04-20,,4,1,,3,2023-12-03 19:39:29,1,
129,2,謎塔和孩子們 -奔向塔底-,,,790,711,129_Launch_Trailer.jpg,,,,2023-04-20,,1,0,,4,2023-12-03 19:44:15,1,
130,4,洛克人 EXE 合集,,,1390,1251,130_ROCKMAN_EXE.jpg,,,,2023-04-14,,1,0,,5,2023-12-03 19:45:56,1,
131,2,∼超廢轉生∼ 從最底層的異世界經營,,,388,349.2,131_Isekai_Junior_Manager.jpg,,,,2023-04-13,,4,0,,1,2023-12-03 19:48:18,1,
132,4,焰龍聖拳小美,,,396,356.4,132_Flame_Dragon.jpg,,,,2023-04-13,,3,0,,2,2023-12-03 19:54:32,1,
133,4,藍色小精靈：邪惡葉子大作戰,,,790,711,133_Pitufos.jpg,133-1.jpg,133-2.jpg,133-3.jpg,2021-11-05,,2,0,"　踏上冒險旅程，拯救心愛的森林！巫師賈不妙將魔掌伸向塵封魔術書裡邪惡的植物配方「邪惡毒葉」。這種植物會產生「邪惡毒籠草」種子，吸引並困住藍色小精靈…… 而且這些邪惡毒籠草是有毒植物，對森林，尤其是菝?田來說也是一大威脅！
 
　　精靈老爹決定尋求藍色小精靈同伴的協助，找出強力解毒藥的材料，拯救所有因邪惡毒葉生病的植物。多虧有小鐵匠發明的小精靈淨化機，一行人踏上旅程尋找材料，解救藍色小精靈同伴……及拯救整個村莊！",3,2023-11-03 19:54:32,1,
134,3,多卡波王國 Connect（????????? ????）,,,1290,1161,134_Dokapon_Kingdom.jpg,134-1.jpg,134-2.jpg,134-3.jpg,2023-04-13,,1,1,"在這次的報導中，將為玩家們送上高階職業（鍊金術師、祭司、魔法劍士、格鬥士、藝人、忍者）與可改變髮型的角色「美容師迦梨」等情報。由於在本作品中轉職將會使薪水跟獎勵率提升，因此為了有效率地增加金錢，盡早實行轉職是種十分有效的方法。
 
　　此外還公布了可說是身為本作品特徵的「線上對戰功能」的追加情報。可透過建立房間，進行最多四人的線上對戰遊玩。若使用建立房間的玩家的 NS 主機，就能夠光憑一台主機來讓三位玩家一同遊玩。
 
　　還有在遊戲內隨機觸發的事件裡，還準備了如只要公告舉辦，所有玩家皆會強制被召集至多卡波城，並對玩家們當下的髮型進行評論的「最佳髮型秀」等事件。",4,2023-12-05 19:54:32,1,
135,3,斯諾德維爾之戰（Wildfrost）,,,328,295.2,135_Wildfrost.jpg,135-1.jpg,135-2.jpg,135-3.jpg,2023-04-12,,1,0,"《 Wildfrost 》，又一款爬塔殺時間的好選擇。

首先，《 Wildfrost 》不是換皮版或小修小改的《 Slay the Spire 》，
它有自己一套獨特創新的系統機制，
兩者相同的地方就只有同屬 roguelite deckbuilder 和回合制而已。

不要被它那可愛的角色及風格帶給你錯誤的期望，
這款玩起來有《 Into the Breach 》那種下棋的感覺，
每回合要留意的訊息量說多不多說少不少，
一局 40 - 60 分鐘裡需要保持一定程度的專注力，
不然在末段關卡中稍有不慎或一個一個恍神可能就會骨牌式崩了。",5,2023-12-05 18:54:32,1,
136,3,瑪利歐派對 超級巨星（Mario Party Superstars）,,,1590,1431,136_Mario_Party.jpg,136-1.jpg,136-2.jpg,136-3.jpg,2021-10-29,,2,1,"對於沒接觸過舊派對的玩家，這款完全是新遊戲香到爆！不只能使用Joycon遊玩，還能使用按鍵，等於是Nintendo Switch Lite、Pro手把都可以！這是2018年《超級瑪利歐派對》所辨不到的。算是小確幸？！但是相對的，因為少了體感遊戲，對於比較小的孩子，就不容易上手，這時候舊派對反而適合小小孩。

　　再來網路遊玩，即使邊緣人也能線上配對，還支援單機多人連網。不過仍需購買Nintendo Switch Online(NSO會員)才能使用。

　　最後一個亮點，之前的派對一旦連線中斷就必須重新開始，但這次支援中途存檔，每回合儲存，不小心斷線，也不用擔心要重來。",1,2023-12-05 17:54:32,1,
137,2,九十六號公路：0 英里,,,585,526.5,37_Road96.jpg,137-1.jpg,137-2.jpg,137-3.jpg,2023-04-04,,1,0,《九十六號公路：0 英里》是一款融合音樂元素的敘事類冒險遊戲，故事舞台設定在皮特拉唯一的豪華社區白沙，就在 1996 年夏天那公路之旅展開以前，講述兩位角色「佐伊（Zoe）」和「凱多（Kaito）」之間的友誼及故事。官方指出，本作將帶領玩家體驗在兩位角色間切換的快感，感受這兩位少年截然不同的背景和信念。,2,2023-12-05 17:44:32,1,
138,2,黑桃國的愛麗絲∼Wonderful White World∼,,,1790,1611,138_Wonderful_White_World.jpg,138-1.jpg,138-2.jpg,138-3.jpg,2023-03-30,,3,0,"這明明是童話故事般的世界，卻也是個瘋帽子是黑手黨，發生槍戰也毫不稀奇的，不可思議的國度。
本作的故事背景為「黑桃國」，國內共有四個領地 —— 白之領地、黑之領地、瘋帽子宅邸以及車站。
然而，這個國家正陷入戰爭之中，無論走到哪裡都十分危險。
在這樣的情況之下，講求實際、想法務實的女主角 —— 愛麗絲，
她在湖中溺水獲救之後，失去了所有記憶。
初次見面的人自不用說，她甚至連原本應該是朋友的人，以及自己處於何種狀況都無法回想起來。
那些明明應該是第一次見面，卻有點懷念、感覺很重要的人們，以及被她遺忘的某個人……
雖然覺得，自己接受了失憶和這脫離常規的日常生活有些不對勁，
但愛麗絲仍然在這充滿未知時間的國度，慢慢與人建立起新的關係。
在常識派不上用場的世界裡，女主角這位現實主義者，
是否能談一場正經的戀愛呢 ——",3,2023-12-02 17:44:32,1,
139,1,復活邪神：吟遊詩人之歌 Remasterd,,,1390,1251,139_Remasterd.jpg,139-1.jpg,139-2.jpg,139-3.jpg,2023-03-30,,3,0,"「神創造人類，人類創造故事。」
　　創世神瑪魯達創造的世界，瑪魯迪亞斯。
　　在這片土地上，邪惡的化身三尊邪神「死魍」、「沙魯因」及「雪拉哈」
　　曾與眾神之首「埃羅爾」進行過戰鬥。
　　經過漫長的戰鬥後，死魍和雪拉哈的力量被封印住，
　　而剩下的沙魯因也被十種寶石「命運石」之力和英雄「米爾札」的生命所封印。

　　一千年後……
　　命運石分散在世界各地，邪惡之神的力量正再次逐漸復活。
　　就像被命運操縱一樣，八人各自踏上旅程。
　　他們在廣闊的瑪魯迪亞斯土地上，會交織出怎樣的故事……
　　這全取決於各位的選擇。
",4,2023-11-02 17:44:32,1,
140,2,迷霧偵探,,,288,259.2,140_Tales_Of_The_Neon_Sea.jpg,140-1.jpg,140-2.jpg,140-3.jpg,2023-03-30,,3,0,《迷霧偵探》是一款以賽博龐克為背景的點陣風橫向冒險遊戲。在遙遠的未來，人類與產生自我意識的機器人在城市中一同生活，維持著互相忌憚又相互依存，矛盾而冷漠的關係。玩家將扮演一位從警隊退伍的私家偵探，帶著搭擋小黑貓威廉，偵查一宗失蹤案件。在調查的過程中，主角發現消聲匿跡多時的殺人惡魔再現行蹤，因而喚醒了塵封已久的記憶…… 到底他能否在這座五光十色的城市當中，找出隱藏著的秘密與真相？,5,2023-11-03 17:44:32,1,
141,2,萊莎的鍊金工房 3 ∼終結之鍊金術士與秘密鑰匙∼（????????３ ∼終????金術士?秘密?鍵∼,,,1990,1791,141_CltellierRyza3.jpg,141-1.jpg,141-2.jpg,141-3.jpg,2023-03-23,,3,0,"《萊莎的鍊金工房２》的故事結束約一年之後。
生活在庫肯島的萊莎等人，突然得知近海出現了不明群島。
這些被稱為“柯克群島”的島嶼，對萊莎等人居住的庫肯島產生了負面影響。
為了拯救庫肯島，萊莎一行人迅速前往調查——

調查柯克群島的過程中，他們到達了謎之遺跡。
遺跡深處，萊莎等人見到一扇巨大的謎樣門扉。
為了進一步調查而靠近那扇門，
萊莎的腦海中突然聽到了引導她接近「萬象大典」的謎之聲音。

這扇門後究竟有些什麼，「萬象大典」又是什麼意思——
為了尋找拯救庫肯島的方法，萊莎等人踏上了關於「鑰匙」與「鍊金術根源」的宏大冒險之旅。",1,2023-11-04 17:44:32,1,
142,2,蓓優妮塔 起源︰瑟蕾莎與迷失的惡魔,,,1550,1395,142_Cereza_Lost_Demon.jpg,142-1.jpg,142-2.jpg,142-3.jpg,2023-03-17,,3,0,"「瑟蕾莎」是掌管光明的賢者和掌管黑暗的魔女所生的禁忌之子。為了拯救被囚禁的母親，她不顧老師的囑咐，獨自踏入了禁忌森林「阿瓦隆」。
　　在崎嶇的道路上前進時，一群詭異的妖精突然出現，並襲擊瑟蕾莎。走投無路的年幼魔女在千鈞一髮之際成功召喚出棲息於魔界的惡魔。惡魔附身在她珍惜地抱住的布偶——「小柴貓」身上，轉間便將妖精擊退。
為了拯救被囚禁的母親，並讓附身在小柴貓身上的惡魔回到魔界，瑟蕾莎決定繼續前進。在神秘少年和白狼的指引下，她像是被夢幻光線吸走一般消失了。在未來等待她的到底是什麼……？",2,2023-11-05 17:44:32,1,
143,4,俠盜獵車手：三部曲 最終版,,,1290,1161,143_GTA.jpg,143-1.jpg,143-2.jpg,143-3.jpg,2023-03-09,,4,0,《俠盜獵車手：三部曲 最終版》將收錄《俠盜獵車手 3》、《俠盜獵車手：罪惡城市》、《俠盜獵車手：聖安地列斯》三款作品。透過三個充滿生命力的遊戲世界享受各種歡鬧情節和豐富內容以及劇力萬鈞的敘事、經典角色和令人難忘的音樂，以前所未有的自由度和沉浸感，盡情體驗開創同類遊戲先河的代表之作。,3,2023-11-20 17:44:32,1,
144,2,災難偵探?牙 不合理的怪奇事件,,,790,711,144_Saiga.jpg,144-1.jpg,144-2.jpg,144-3.jpg,2021-11-11,,3,0,"倒霉偵探的身後，邪神的影子若隱若現！？由《童提?》系列小說家黑史郎和插畫家大黑天（??????）雙人組共同譜寫出處處充滿「克蘇魯神話」精隨、節奏明快的搞笑故事。同時也能充分地享受超自然現象和懸疑劇的趣味。

　　在充滿古怪個性居民的「祭鳴鎮」中，有著一位「倒霉」的偵探，其名為天堂?牙。與普通的偵探不同的是，男人有著 他獨一無二的武器 —— 世上最兇的大大大?厄運！？所有委託沒有一件辦得好的謎樣偵探。然而，神秘的占卜師品儷伊的出現，讓男人的命運漸漸地發生好轉。但是鎮上卻開始染上邪神的影子，當邪惡之神碰上世界第一倒楣的偵探，究竟會在祭鳴 鎮上擦出什麼火花呢......",4,2023-11-06 17:44:32,1,
145,2,零∼月蝕的假面∼Remaster,,,1590,1431,145_Zero_Moon.jpg,145-1.jpg,145-2.jpg,145-3.jpg,2023-03-09,,3,0,"「誰都不記得的事情，就稱不上是存在過吧。」

在日本本州以南的諸多島嶼中，有一座名為「朧月島」的小島，那裡每十年就會舉辦「朧月神樂」。
有五名少女在舉行神樂時遭到神隱，雖然後來她們都被刑警找到，但無一例外地都失去了記憶。

遭到神隱的其中一名少女－水無月流歌，依稀記得一段旋律……

失去的記憶隨著旋律甦醒。
－戴著面具的人們圍繞著吹奏樂器的少女們－
－以及戴著面具的女性在月光下彷彿被附身般跳著舞－
旋律不斷重覆、加快……但記憶總是到這裡就中斷了。

那天到底發生了什麼事情？

流歌懷抱著這個疑問度日。

十年後，失蹤的五名少女中的兩人相繼死亡。兩人的屍體呈現雙手掩面、彷彿哭喊般的淒慘模樣……

剩下的三人中，海?和圓香為了解開朋友的死亡之謎來到朧月島。

而流歌為了找回失去的記憶，也在海?和圓香之後踏上了朧月島……",5,2023-11-05 17:44:32,1,
146,4,星之卡比 Wii 豪華版,,,1350,1215,146_Kirby's_Deluxe.jpg,146-1.jpg,146-2.jpg,146-3.jpg,2023-02-24,,2,1,"卡比擁有豐富的複製能力，除了「利劍」和「鞭子」等為人熟悉的複製能力，更能吸入特殊敵人來發動強大的「超級能力」，闖過重重關卡。此外，全新的複製能力「裝甲」也會登場。以機器人的形態在空中飛翔，並可從遠距離發射加農炮或以近距離拳擊來攻擊。

　　本作中可以大家一起享受冒險，只要分享 Joy-Con，就可供最多 4 人一起協力遊玩所有關卡。可以隨時加入或離隊，和家人好友一起輕鬆享受冒險。遊玩角色可從卡比、魅塔騎士、帝帝帝大王和頭巾瓦豆魯迪中選擇，也可以 4 人都選擇卡比，各自使用喜歡的複製能力。

　　《星之卡比 Wii 豪華版》也準備了滿滿的小遊戲，全新的小遊戲「尋找！魔法洛亞圖書館」將會登場。除此之外，更收錄「一擊！手媦C道場」和「剎那間一斬」等歷代精選的小遊戲。所有小遊戲亦同樣可供最多４人遊玩。",1,2023-11-08 17:44:32,1,
147,1,歧路旅人 2,,,1580,1422,147_Octopath_Traveler_2.jpg,147-1.jpg,147-2.jpg,147-3.jpg,2023-02-24,,3,0,"
　　本作為於 2018 年發售、全世界出貨及下載量突破 300 萬套的角色扮演遊戲《歧路旅人（??????????）》的完全新作 RPG，《歧路旅人》以點陣圖融合 3DCG 的「HD-2D」畫面效果，在《歧路旅人 2》實現了更進一步的進化，將懷舊與創新的畫面表現，以更精采的像素圖、視角進行呈現。

　　本次故事的舞台來到被稱為「索里斯帝亞」的新大地，玩家將在嶄新的時代、操控 8 位全新的角色展開新的旅程。",2,2023-10-08 17:44:32,1,
148,5,救贖重生（Redemption Reapers）,,,1250,1125,148_Redemption_Reapers.jpg,,,,2023-02-23,,3,0,,3,2023-12-08 17:44:32,1,
149,4,少女魔淨（Grim Guardians: Demon Purge）,,,1250,1125,149_Grim_Guardians.jpg,,,,2023-02-23,,3,0,,4,2023-11-09 17:44:32,1,
150,2,不可逾越的紅花∼雙月∼,,,750,675,150_Red_flower.jpg,,,,2023-02-23,,3,0,,5,2023-11-09 15:44:32,1,
151,2,紅月搖曳的戀之燈火（紅月???????）,,,1750,1575,151_Red_Moon.jpg,,,,2023-02-22,,3,0,,1,2023-11-09 14:44:32,1,
152,5,實況野球君口袋版 R（??????????R）,,,890,801,152_Baseball_Player.jpg,,,,2021-11-25,,2,0,,2,2023-11-21 14:44:32,1,
153,3,TheatRhythm Final Bar Line,,,1490,1341,153_Theatrhythm.jpg,,,,2023-02-16,,3,1,,3,2023-11-09 13:44:32,1,
154,2,密特羅德 Prime Remastered（Metroid Prime Remastered）,,,950,855,154_Metroid.jpg,,,,2023-02-09,,2,0,,4,2023-11-07 14:44:32,1,
155,8,孤寂廢墟（lone Ruin）,,,270,243,155_Lone_Ruin.jpg,,,,2023-02-02,,2,0,,5,2023-11-07 15:44:32,1,
156,5,模擬人生：我是大廚師,,,890,801,156_Chef_Life.jpg,,,,2023-02-02,,2,0,,1,2023-11-07 16:44:32,1,
157,5,模擬高壓清洗（PowerWash Simulator）,,,790,711,157_Power_Wash.jpg,,,,2023-01-31,,2,1,,2,2023-11-07 18:44:32,1,
158,4,幽冥旅程 Trek to Yomi,,,890,801,158_Trek_to_Yomi.jpg,,,,2023-01-31,,3,1,,3,2023-11-07 19:44:32,1,
159,7,怪怪躲避球（Odd Ballers）,,,560,504,159_Odd_Ballers.jpg,,,,2023-01-30,,2,1,,4,2023-11-07 20:44:32,1,
160,2,春吻（????）,,,2090,1881,160_Summer_Kiss.jpg,,,,2023-01-26,,3,0,,5,2023-11-22 20:44:32,1,
161,5,牧場物語 Welcome！美麗人生,,,1290,1161,161_farmmer.jpg,,,,2023-01-26,,2,0,,1,2023-11-22 19:44:32,1,
162,1,魔界戰記 DISGAEA 7,,,890,801,162_Disgaea.jpg,,,,2023-01-26,,3,0,,2,2023-11-22 18:44:32,1,
163,5,聖火降魔錄 Engage（Fire Emblem Engage）,,,1290,1161,163_Fire_Emblem.jpg,,,,2023-01-20,,3,0,,3,2023-11-22 17:44:32,1,
164,1,寶可夢 晶燦鑽石 / 明亮珍珠,,,890,801,164_Pokemon.jpg,,,,2021-11-19,,2,0,,4,2023-11-21 17:44:32,1,
165,2,發明工坊：LEGACY∼發明工房奮鬥記∼,,,670,603,165_inventer.jpg,,,,2021-01-19,,3,0,,5,2023-11-21 17:44:32,1,
166,1,聖塔神記 TRINITY TRIGGER,,,1400,1260,TRINITY TRIGGER.jpg,TRINITY TRIGGER01.jpg,TRINITY TRIGGER02.jpg,TRINITY TRIGGER03.jpg,2023-01-19,,3,1,"　　由 XSEED Games 與 Marvelous USA 共同發行的《聖塔神記 TRINITY TRIGGER》PC 版於今（26）日起正式在 Steam 平台上市。
 
　　《聖塔神記 TRINITY TRIGGER》是款動作角色扮演遊戲，故事發生在擁有美麗自然以及如同塔一樣的諸神的武器存在的「翠尼堤亞」，描述了主角「席安」與被稱作「引靈」的神祕生物一起，為改變自己殘酷的命運而開啟旅程的故事。　
《聖塔神記 TRINITY TRIGGER》是發生在擁有美麗自然以及如同塔一樣的諸神的武器存在的「翠尼堤亞」，描述了主角「席安」與被稱作「引靈」的神祕生物一起，為改變自己殘酷的命運而開啟旅程的故事，是一款全新動作 RPG。

　　本作以「三種發現」作為主題，玩家在旅行中透過各種發現來進行故事。在戰鬥中，可以更換八種武器，以及依照情況來切換玩家角色以克服危機。「發現」敵人不擅長的武器則是攻略的關鍵。即使是死路，但也可能只要邁出一步就能「發現」隱藏的通道。此外，在遊戲裡有多種解謎要素，像是放置著看起來不自然的物品或是能在場所中發現突兀感等的要素。而在與城鎮居民的對話中也藏有許多「發現」，進行對話後，回到之前的城鎮，先前曾進行的每個對話都會成為提示。",1,2023-10-01 10:29:00,0,
167,8,未醒少女,,,700,630,NeverAwake.jpg,NeverAwake01.jpg,NeverAwake02.jpg,NeverAwake03.jpg,2023-01-19,,2,0,"未醒少女》是一款動作射擊遊戲 · 將提供80 多個關卡 · 十幾位棘手的BOSS · 玩家需活用多樣武器及組合裝備 故事講述一位少女深陷恐懼與惡夢之中，一直運用內心的力量在夢境中和自己討厭的蔬菜／狗／同儕等各種敵人進行戰鬥。不過在戰鬥結束後少女看到的是……？她會不會醒來呢？遊戲將提供複數結局，能否順利從噩夢逃出並醒來就有待玩家自行探索。
 
　　官方表示，《未醒少女》將提供 80 多個關卡、十幾位棘手的 BOSS，玩家需活用多樣武器、裝飾品及組合裝備才能讓遊戲推進的更加輕鬆；而團隊也透露，期望透過獨創遊戲系統所實現的高重玩性，讓新手或高手玩家都能體會到本作的樂趣。
由日本 Neotro 開發、Phoenixx 發行的動作射擊遊戲《未醒少女（暫譯，原名：NeverAwake）》在東京電玩展 2022 中釋出最新遊戲預告片；本作支援繁體中文，並預定在今年 9 月 28 日於 PC Steam 平台推出，而 PS5、PS4、Nintendo Switch 版則將於 2023 年 1 月 19 日發行。",2,2023-10-02 10:30:05,1,
168,1,女神異聞錄 3 攜帶版,,,450,405,PERSONA 3 PORTABLE.jpg,PERSONA 3 PORTABLE01.jpg,PERSONA 3 PORTABLE02.jpg,PERSONA 3 PORTABLE03.jpg,2023-01-19,,3,0,"本作是以學園城市為舞台，敘述擁有稱為「人格面具」（Persona）特殊能力的少年少女的角色扮演遊戲。隨著《女神異聞錄2》的完結，本作採用全新的世界設定、登場人物、遊戲系統及故事背景。遊戲分為白天與朋友一起的學園生活及夜晚與在「影時間」出現的神秘怪物「陰影」（????，Shadow）的戰鬥。
故事時間為2009年4月。10年前因事故而失去雙親而由親戚養育的主角，因為家庭的事情而轉校到小中一條龍學校「私立月光館學園」的高中部中。在入住學生宿舍後不久，他被奇形怪狀的怪物「陰影（Shadow）」襲擊，令隱藏在他體內Persona的能力甦醒。因為這個契機，主角被迫知道這個被掩蓋的世界真實的一端。
距離前作發售相隔6年，本作採用全新的設定，加入時間經過與人際關係系統，加重學園的日常生活的部分，故事開始的時間為2009年4月。除了與前作一樣可以培養Persona 外，本作還可以將Persona 合體成為新的Persona。本作由《真·女神轉生III－Nocturne》的團隊製作，同樣加入技能繼承和技能轉換系統，使Persona的培養更加深入。",3,2023-10-03 10:30:10,1,
169,1,女神異聞錄 4 黃金版,,,500,450,persona_4_golden.jpg,PERSONA 4G01.jpg,PERSONA 4G02.jpg,PERSONA 4G03.jpg,2023-01-19,,3,0,本作故事發生在虛構的日本小鎮中，並與之前的《女神異聞錄系列》遊戲間接相關。由玩家命名的主角是一名高中生，從城裡搬到小鎮生活一年。在這一年的生活期間，他利用人格面具的力量和夥伴們參與調查一樁神秘的連環謀殺案。該遊戲增加了一個天氣遊戲系統，來取代前作《女神異聞錄3》中的月相遊戲系統。前作採用手槍型召喚器召喚Persona，與前作具有相同世界觀的本作則未使用手槍召喚器，而是擊碎自身Persona 所對應的秘儀（Arcana）卡片進行召喚，而且無法在現實世界召喚。發售前有傳聞眼鏡是Persona 的召喚器[10]，但實際是在電視世界中，只要帶上眼鏡就可以看清楚充滿濃霧的環境。故事發生在富士山郊區的一個小鎮上，意在成為一個「什麼都沒有的地方」，這是為了讓從城市來的主角體恤其他原本生活在小鎮上的角色的日常生活。製作人添加了許多遊戲元素以防止遊戲老套。由副島成記繼續負責人物設計。遊戲在日本發售時，諸如角色服飾和配飾等周邊商品也開始發售。這款遊戲的北美版包裝里還帶有一張精選音樂CD，與前作《P3》不同，歐洲實體版還包含了一張配樂CD。音樂與《P3》一樣，主要由目黑將司負責。,4,2023-10-01 10:29:01,1,
170,3,俄羅斯方塊效應：連接,,,850,765,Tetris Effect Connected.jpg,Tetris Effect Connected01.jpg,Tetris Effect Connected02.jpg,Tetris Effect Connected03.jpg,2023-01-19,,1,1,Enhance 與 The Tetris Company 在 8 月 12 日凌晨舉辦的「Indie World Showcase - 8.11.2021」直播中宣布，在 Nintendo Switch 推出《俄羅斯方塊效應》，這是暢銷 1 億 7000 萬套的經典方塊益智遊戲《俄羅斯方塊》系列最新作，由曾打造《太空第 5 頻道》、《Rez》、《Lumines》等獨特聲光藝術風格遊戲的知名遊戲創作者水口哲也領軍製作。受哈佛醫學院「俄羅斯方塊效應研究」啟發，透過獨特的電子聲光效果來強化遊戲對玩家腦海的衝擊。　本次預定推出 Switch 版的《俄羅斯方塊效應：連接》則是在《俄羅斯方塊效應》的基礎上追加多人合作 / 對戰模式的強化版。除了收錄包含超過 30 個關卡的 10 多種單人遊玩模式之外，還加入支援跨平台連線的多人合作 / 對戰模式。玩家可以與全世界的 PS4、Xbox、PC、Oculus Quest 玩家一同享受連線對戰 / 合作遊玩的樂趣。完整支援 TV 模式、桌上模式與便攜模式，最多可支援 4 組 Joy-Con 控制器進行單機 4 人對戰。,5,2023-10-02 10:30:06,1,
171,2,命運九重奏 –NORN9 LOFN–,,,1500,1350,NORN9 LOFN.jpg,NORN9 LOFN01.jpg,NORN9 LOFN02.jpg,NORN9 LOFN03.jpg,2023-01-16,,3,0,"《命運九重奏 –NORN9-》於 2013 年首次在 PSP 平台推出本篇故事《NORN9: Var Commons》，又於 2014 年和 2016 年分別推出續作《NORN9：LAST ERA》及《NORN9：ACT TUNE》，為玩家帶來延續本篇發展的後日談和各種設定下的有趣小故事。本作品亦在 2016 年電視動畫化，以一季 12 集的形式播出。

《命運九重奏 –NORN9 LOFN-》分別以 3 位女主角（玩家）的角度，講述與 9 個可攻略角色的戀愛故事（每一位女主角能分別攻略其對應的三位男主角）。在《命運九重奏 –NORN9 LOFN-》中，你不但能體驗其宏大刺激的世界觀和設定，更能享受其豐富細膩的故事情節和角色感情推進，是不容錯過的經典之作！如果女主角們沒有發展戀情呢？這是以「IF」的設定來描寫的，旅途中某一天所發生的插曲。現實與夢境中發生的某起事件，讓 NORN 的船內陷入混亂。夢中，NORN 一眾成員的身體突然變小了，眾人原以為這是一月幹的好事，結果卻似乎並非如此。「即使變小，若只是在夢中就沒問題。」雖然大家都如此認為，但漸漸地現實世界也開始出現問題。船上成員再也無法忍受，決定借助平士和一月的能力在夢中集合。",1,2023-10-03 10:30:11,1,
172,2,闇之眷屬 -FANTASY ON DARK-,,,1390,1251,FANTASY ON DARK.jpg,FANTASY ON DARK01.jpg,FANTASY ON DARK02.jpg,FANTASY ON DARK03.jpg,2023-01-12,,3,0,"《闇之眷屬 -FANTASY ON DARK-》是一款結合了奇幻元素與黑暗美學的角色扮演遊戲，遊戲設定在一個充滿魔法與神秘生物的世界中。在這個世界裡，光與暗的力量不斷對立，玩家將扮演一名擁有特殊能力的英雄，加入闇之眷屬，一個旨在維護世界平衡、對抗黑暗勢力的神秘組織。
遊戲開始時，玩家可以自定義自己的角色，包括選擇性別、外觀、特殊能力以及背景故事。這些選擇不僅影響角色的初始屬性，也會影響玩家在遊戲中與其他角色的互動以及故事發展的方向。《闇之眷屬》擁有豐富的世界觀設定和深刻的劇情，玩家將被捲入一系列驚心動魄的冒險中，包括解開古老預言、對抗邪惡巫師、拯救被詛咒的村莊等。
遊戲的戰鬥系統採用了回合制，玩家需要利用策略和角色的特殊能力來戰勝敵人。除了單人劇情模式外，《闇之眷屬》還提供了多人在線合作模式，玩家可以與全世界的玩家一起挑戰強大的敵人和完成任務。
遊戲的畫面設計融合了哥特式和奇幻風格，創造了一個既美麗又神秘的遊戲世界。配樂也是遊戲的一大亮點，其深沉而充滿氛圍的音樂完美地融入了遊戲的黑暗主題中，為玩家帶來了沉浸式的遊戲體驗。
總而言之，《闇之眷屬 -FANTASY ON DARK-》是一款深受奇幻與黑暗美學愛好者喜愛的遊戲，它不僅提供了一個充滿挑戰的遊戲環境，還有一個引人入勝的故事，讓玩家在探索和戰鬥的同時，也能夠體驗到一場關於光與暗、善與惡永恆對決的史詩冒險。",2,2023-10-03 10:30:12,1,
173,3,搖滾之神 豪華版（God of Rock: Deluxe Edition）,,,850,765,God of Rock.jpg,ExcelGames Interactive01.jpg,ExcelGames Interactive02.jpg,ExcelGames Interactive03.jpg,2022-12-31,,1,0,"《搖滾之神 豪華版（God of Rock: Deluxe Edition）》是一款結合音樂節奏與對戰元素的創新型遊戲，它將搖滾音樂的熱情與電子遊戲的互動性完美結合。在這款遊戲中，玩家不僅能夠享受到搖滾音樂帶來的魅力，還能在一場場緊張刺激的節奏對決中，展現自己的音樂才能和反應速度。
遊戲的設定是在一個由音樂之神主宰的虛擬世界，玩家將扮演一名搖滾樂隊的成員，目標是通過一系列的音樂對決，最終登上搖滾之巔，成為真正的搖滾之神。豪華版中包含了更多的歌曲選擇、角色定制選項以及獨家的遊戲內容，讓玩家能夠享受更加豐富和深入的遊戲體驗。
遊戲的玩法結合了節奏遊戲的元素和對戰平台的激烈競爭。玩家需要在音樂播放時，按照節奏點擊、滑動或旋轉控制器，以擊敗對手並獲得更高的分數。每一場對決都會隨著音樂的節奏和強度進行，玩家必須準確把握節奏，才能夠在競爭中脫穎而出。
《搖滾之神 豪華版》的音樂庫包含了從經典搖滾到當代搖滾的各種風格，每一首歌曲都經過精心挑選，旨在提供給玩家最佳的音樂體驗。遊戲還特別加入了一些著名搖滾樂隊和藝術家的授權歌曲，讓玩家在享受遊戲的同時，也能感受到搖滾音樂的魅力和熱情。
此外，遊戲還提供了豐富的角色定制選項，玩家可以根據自己的喜好設計角色的外觀和裝備，甚至定制專屬的樂器。這些個性化的設定讓玩家在遊戲世界中擁有更加獨特和個人化的體驗。",3,2023-10-11 10:29:02,1,
174,2,命運九重奏 –NORN9 LOFN-初回限定版,,,1650,1485,NORN9 LOFN2.jpg,NORN9 LOFNFF01.jpg,NORN9 LOFNFF02.jpg,NORN9 LOFNFF03.jpg,2022-12-29,,3,0,《命運九重奏 初回限定版》是一款融合了視覺小說和策略角色扮演元素的遊戲，故事設定在一個宏大的奇幻世界中，這個世界被九大力量所掌控，每種力量代表了世界的不同面向，如生命、死亡、時間和空間等。玩家將扮演一名能夠操控這些力量之一的角色，透過與其他八位擁有不同力量的角色的互動，來揭開一系列關於這個世界的秘密和謎團。初回限定版提供了豐富的遊戲內容和獨家物品，包括特製的遊戲原聲帶、設定藝術集、角色立牌和一個特別的遊戲序號，可以解鎖額外的故事線和角色。遊戲的故事豐富多層，玩家的選擇將直接影響故事的發展和結局，提供了高度的重玩價值。除了深入的故事情節，《命運九重奏 初回限定版》還具有獨特的戰鬥系統，結合了策略和角色扮演元素，玩家需要利用不同角色的力量和技能來制定戰略，應對各種戰鬥挑戰。遊戲的視覺效果華麗，角色設計和背景圖都極具藝術性，搭配動人的音樂，為玩家提供了一個沉浸式的遊戲體驗。總的來說，《命運九重奏 初回限定版》是一款結合了豐富故事和策略戰鬥的遊戲，適合喜歡深度故事和策略角色扮演遊戲的玩家。,4,2023-10-15 12:50:12,1,
175,1,殘月之鎖宮,,,750,675,Labyrinth of Zangetsu.jpg,SAKT01.jpg,SAKT02.jpg,SAKT03.jpg,2022-12-22,,3,0,《殘月之鎖宮》是一款結合解謎、探索與劇情敘述的冒險遊戲，設定在一個古老而神秘的宮殿中，這座宮殿隱藏著無數秘密和被遺忘的故事。玩家將扮演一名偶然來到這座宮殿的探險者，必須解開一系列複雜的謎題和挑戰，以揭露宮殿背後的真相。遊戲融合了傳統的點擊式探索與創新的解謎元素，玩家需要與環境互動，收集重要的線索，並運用邏輯和智慧來解決難題。《殘月之鎖宮》的故事深受東方神話和傳說的啟發，講述了一個關於愛、背叛和復仇的故事，玩家的每一個選擇都會影響故事的發展和結局，提供了豐富的重玩價值。遊戲的視覺設計極具特色，採用了手繪風格的藝術方向，結合細膩的角色描繪和華麗的場景設計，為玩家創造了一個充滿神秘和美感的遊戲世界。音樂和聲效也是遊戲的一大亮點，深情而細膩的配樂完美融入遊戲的每一個環節，增強了遊戲的氛圍和沉浸感。總而言之，《殘月之鎖宮》是一款充滿挑戰的解謎冒險遊戲，它不僅提供了一個引人入勝的故事，還有著精美的視覺效果和深度的遊戲體驗，適合喜歡解謎和故事豐富的玩家。,5,2023-10-18 9:29:15,1,
176,2,薄櫻鬼 真改 風華傳 for Nintendo Switch,,,1890,1701,Kyoto Winds.jpg,BEGOST01.jpg,BEGOST02.jpg,BEGOST03.jpg,2022-12-22,,3,0,"《薄?鬼 真改 風華伝 for Nintendo Switch》是一款深受玩家喜愛的視覺小說風格的乙女遊戲，其背景設定於幕末時期的日本，一個充滿了動亂與變革的時代。玩家在遊戲中扮演主人公雪村千鶴，一位尋找失?父親的勇敢少女，途中遇到了新選組的成員，從而捲入了一連串的事件與冒險之中。
這款遊戲特別為Nintendo Switch平台進行了真改版的升級，提供了更高質量的圖像、優化的控制體驗以及額外的遊戲內容。玩家將有機會深入了解新選組成員的背景故事，透過與他們的互動，影響遊戲的走向和結局。遊戲中包含了豐富的劇情選擇，每一個決定都會對千鶴的命運和周圍人物的關係產生影響。
《薄?鬼 真改 風華伝》以其精緻的美術風格、感人的故事線以及深入人心的角色設定著稱。遊戲的音樂和聲效也極具特色，能夠有效地將玩家帶入幕末時期的日本，體驗那個時代的情感與紛爭。除了主線故事外，遊戲還提供了多種結局，根據玩家的選擇導向不同的未來，增加了遊戲的重玩價值。
對於乙女遊戲愛好者以及歷史劇情愛好者來說，《薄?鬼 真改 風華伝 for Nintendo Switch》是一款不可錯過的作品，它不僅提供了一個引人入勝的故事，還有著豐富的角色互動和遊戲玩法，是一款集視覺、故事和互動於一身的優秀遊戲。",1,2023-10-10 10:29:03,1,
177,3,健身拳擊 北斗神拳 ∼你已經瘦了∼（Fit Boxing 北斗?拳 ∼?前????????∼）,,,1550,1395,fit-boxing.jpg,Boxing01.jpg,Boxing02.jpg,Boxing03.jpg,2022-12-22,,1,1,《健身拳擊 北斗神拳 ∼你已經瘦了∼（Fit Boxing 北斗?拳 ∼?前????????∼）》是一款結合了經典動漫《北斗神拳》元素與健身拳擊遊戲的創新互動式健身體驗。這款遊戲利用Nintendo Switch的動作感應功能，讓玩家在模仿拳擊動作的同時，享受到與《北斗神拳》角色一同訓練的樂趣。遊戲中，玩家將跟隨經典角色如拳四郎、雷奧等進行各種拳擊訓練，不僅可以提高健身效率，還能在過程中學習到《北斗神拳》中的經典招式和技巧。遊戲設計了多種訓練模式和課程，適合不同健身水平的玩家，從初學者到高級運動員都能找到合適的訓練強度。除了健身訓練，遊戲還融入了角色成長和自我挑戰的元素，玩家可以通過連續訓練解鎖新的招式、技巧以及其他遊戲內容。《健身拳擊 北斗神拳 ∼你已經瘦了∼》不僅是一款健身遊戲，也是《北斗神拳》粉絲的一大福音，它將健身和動漫文化完美結合，提供了一種全新的健身方式，讓玩家在燃燒卡路里的同時，也能享受到充滿動漫風格的樂趣。,2,2023-10-15 12:50:13,1,
178,4,異度闇影 Cyber Shadow,,,450,405,Cyber Shadow.jpg,cyber01.jpg,cyber02.jpg,cyber03.jpg,2021-01-26,,2,0,"《異度闇影 Cyber Shadow》是一款由機械頭遊戲工作室（Mechanical Head Studios）開發，Yacht Club Games發行的動作平台遊戲，深受80年代和90年代經典動作遊戲的啟發。在這款遊戲中，玩家將扮演一名忍者主角，在一個由機器人和各種科技怪物占領的世界中，尋找生存之道。遊戲特色包括緊湊的關卡設計、精密的控制反應以及高難度的挑戰，回味無窮的像素藝術風格和電子合成音樂，為玩家提供了一個充滿懷舊感的游戲體驗。
《異度闇影》的故事背景設定在一個被遠古邪惡力量摧毀的世界，主角是最後的生還者之一，擁有著解放被摧毀世界的關鍵。玩家將穿梭於廢墟之中，解開隱藏的秘密，並對抗一波又一波的敵人。遊戲中不僅有快節奏的戰鬥，還包含謎題解答和探索元素，玩家需要利用主角的忍者技能來克服各種障礙，包括跳躍、滑行、攀爬等。
此外，《異度闇影》還提供了一系列的升級和定制選項，玩家可以解鎖新的技能和攻擊方式，這些新技能不僅可以幫助玩家在戰鬥中獲勝，也是通過更加困難關卡的關鍵。遊戲難度逐步提升，每個關卡都設計有獨特的敵人和陷阱，要求玩家不斷學習和適應。
遊戲的視覺和音樂風格強烈回應了80年代末到90年代初期的遊戲風格，精細的像素藝術和動感的電子音樂為玩家創造了一個沉浸式的科幻世界。《異度闇影 Cyber Shadow》不僅是對經典動作平台遊戲的致敬，也是對該類型遊戲進行了現代化的重新詮釋，適合所有喜愛挑戰和復古風格遊戲的玩家。",3,2023-10-18 9:29:16,1,
179,1,Crisis Core -Final Fantasy VII- Reunion,,,850,765,Crisis Core -Final Fantasy VII- Reunion.jpg,FFCC01.jpg,FFCC02.jpg,FFCC03.jpg,2022-12-13,,3,0,"《Crisis Core -Final Fantasy VII- Reunion》是《最終幻想VII》宇宙中的一款關鍵預quel，原先於2007年在PSP平台發布，後來為多個平台推出了這款高清重製版。這款遊戲聚焦於扎克斯·費爾的故事，一名年輕的士兵，他的命運與克勞德·史特萊夫、艾瑞絲·蓋恩斯伯勒以及其他《最終幻想VII》中的主要角色緊密相連。《Crisis Core》提供了一個豐富且感人的背景故事，為《最終幻想VII》的世界觀增添了深度。
遊戲以其動作導向的戰鬥系統而著稱，與原作的回合制戰鬥不同，玩家可以在戰鬥中實時進行攻擊、施放魔法和使用物品。《Crisis Core -Final Fantasy VII- Reunion》的重製版不僅提升了圖像和音效，使其適應現代平台的需求，還改善了遊戲的界面和控制，提供了更流暢的遊戲體驗。
除了戰鬥，遊戲還包含了角色成長和自定義的元素，玩家可以透過裝備和魔石來強化扎克斯的能力。遊戲的另一大特色是其獨特的“數字心情系統”(DMW)，這是一種基於機率的系統，可以在戰鬥中隨機觸發特殊攻擊或者效果，為戰鬥增添了不可預測性。
故事方面，《Crisis Core -Final Fantasy VII- Reunion》深入探討了士兵計畫、扎克斯與克勞德之間的關係，以及神羅公司的暗黑面。透過一系列的任務和探索，玩家將揭開許多《最終幻想VII》中未曾講述的秘密，為整個故事增添了更多層次。
《Crisis Core -Final Fantasy VII- Reunion》不僅是《最終幻想VII》粉絲的必玩之作，也是所有喜愛JRPG的玩家的佳作。它以現代化的視覺和改進的遊戲機制，成功地重新詮釋了一個經典的故事，為玩家提供了一次難忘的冒險之旅。",4,2023-10-10 10:29:04,1,
180,2,虔誠之花的晚鐘-1926-,,,1250,1125,Episodio1926.jpg,ricor01.jpg,ricor02.jpg,ricor03.jpg,2022-12-12,,3,0,"《虔誠之花的晚鐘-1926-》是一款獨特的視覺小說和解謎冒險遊戲，背景設定在1926年的日本，一個文化和社會正處於劇烈變革時期的國家。在這個時代背景下，玩家將扮演一名年輕的女學生，她因一宗神秘事件而被捲入一連串令人費解的案件之中。遊戲精心編織了一個關於家族、友情、愛情以及背叛的故事，讓玩家在解開一個又一個謎團的同時，也逐步揭露人物之間錯綜複雜的關係和隱藏的秘密。
遊戲的敘事風格深受日本傳統文化和當時社會狀況的影響，透過精緻的美術設計和動人的音樂，成功地再現了1920年代日本的風貌，從細膩的背景描繪到角色的服裝造型，每一處細節都充滿了時代的氛圍。玩家在遊戲中不僅能夠體驗到那個時代的文化和生活，同時也會被其深刻的故事情節和複雜的角色心理所吸引。
《虔誠之花的晚鐘-1926-》採用了視覺小說的遊戲模式，玩家需要通過閱讀故事和對話來進行遊戲。遊戲中融入了豐富的解謎元素，玩家需在探索不同場景時收集關鍵的線索，並利用這些線索解開謎題，推進故事發展。玩家的選擇將直接影響故事的走向和結局，遊戲設計了多條故事線和多種結局，增加了遊戲的重玩價值和玩家的參與感。
此外，遊戲還特別強調了角色之間的互動和發展，玩家在進行選擇和解謎的同時，也在不斷深入了解每個角色的背景故事和性格特點，這種深度的角色挖掘和故事講述，使得《虔誠之花的晚鐘-1926-》不僅是一場視覺和心靈的冒險，也是一次情感和思想的旅程。
《虔誠之花的晚鐘-1926-》以其獨特的時代背景、豐富的故事情節、複雜的角色設定以及融合解謎元素的遊戲玩法，為玩家提供了一次難忘的遊戲體驗。這款遊戲不僅適合視覺小說和解謎遊戲的愛好者，也適合對日本歷史文化有興趣的玩家深入探索。",5,2023-10-15 12:50:14,1,
181,1,勇者鬥惡龍 尋寶探險團：藍色眼眸與天空羅盤,,,550,495,Dragon Quest Treasures.jpg,armor01.jpg,armor02.jpg,armor03.jpg,2022-12-09,,2,0,"《勇者鬥惡龍 尋寶探險團：藍色眼眸與天空羅盤》是一款結合了角色扮演和冒險要素的遊戲，屬於著名的勇者鬥惡龍系列。這款遊戲為玩家提供了一個全新的故事，講述了一群尋找傳說中的寶藏——“天空羅盤”的冒險者的故事。遊戲中，玩家將扮演一名勇敢的探險家，與一群獨特的伙伴一起，穿越廣闊的大陸，探索未知的島嶼，挑戰各種怪物，解開古老謎題，尋找通往寶藏的路徑。
遊戲保留了勇者鬥惡龍系列標誌性的回合制戰鬥系統，玩家在探險過程中會遇到各式各樣的敵人。通過策略安排隊伍的行動順序，利用角色的特殊技能和魔法來戰勝對手。遊戲還引入了一系列新的遊戲機制，包括可以在海上航行的船隻和用於解開新區域的天空羅盤，這些新元素豐富了遊戲的探索與冒險體驗。
《勇者鬥惡龍 尋寶探險團：藍色眼眸與天空羅盤》的故事背景豐富，融合了勇者鬥惡龍系列一貫的奇幻風格和深入人心的劇情。遊戲中的角色各具特色，他們的背景故事和成長過程緊密結合於主線任務中，使玩家在進行遊戲的同時，也能深入了解每個角色的內心世界和故事背景。
此外，遊戲的視覺效果和音樂也是一大亮點。精美的圖像和生動的角色設計讓玩家仿佛置身於一個充滿魔法和奇幻的世界中，而優美的配樂則進一步增強了這種沉浸感，使玩家的探險之旅更加引人入勝。
《勇者鬥惡龍 尋寶探險團：藍色眼眸與天空羅盤》是一款集探險、戰鬥、策略和故事於一體的遊戲，不僅延續了勇者鬥惡龍系列的經典元素，還在遊戲玩法和故事敘述上帶來了新的創新和挑戰，適合所有喜愛角色扮演遊戲的玩家。",1,2023-10-18 9:29:17,1,
182,9,鬥魚 2,,,690,621,THE RUMBLE FISH 2.jpg,,,,2022-12-08,,3,0,,2,2023-10-10 10:29:05,1,
183,2,魔法使之夜,,,990,891,Holy Night.jpg,,,,2022-12-08,,3,0,,3,2023-10-15 12:50:15,1,
184,2,酷酷斯：失落的寵物（Kukoos:Lost Pets）,,,890,801,Kukoos Lost Pets.jpg,,,,2022-12-06,,1,1,,4,2023-10-15 12:50:15,1,
185,6,Redout 2（紅視 2）,,,1100,990,Redout 2.jpg,,,,2022-12-06,,1,1,,5,2023-10-18 9:29:18,1,
186,3,咕喵怪物,,,750,675,meow monster.jpg,,,,2022-12-04,,1,1,,1,2023-10-10 10:29:06,1,
187,4,百萬噸級武藏 X（????級??? X）,,,400,360,TGS 2022.jpg,,,,2022-12-01,,3,1,,2,2023-10-15 12:50:16,1,
188,4,SAMURAI MAIDEN -武士少女-,,,1090,981,maiden.jpg,,,,2022-12-01,,3,0,,3,2023-10-15 12:50:16,1,
189,4,熱血硬派國夫君外傳 熱血少女 2,,,790,711,city girls.jpg,,,,2022-12-01,,3,1,,4,2023-10-18 9:29:19,1,
190,3,Let's Get Fit,,,1180,1062,Let_ Get Fit.jpg,,,,2022-11-30,,1,0,,5,2023-10-10 10:29:07,1,
191,2,終遠的威爾修 -ErroR:salvation-,,,1080,972,R salvation.jpg,,,,2022-11-30,,4,0,,1,2023-10-15 12:50:17,1,
192,2,Aliisha 雙子神遺棄之境,,,780,702,Aliisha.jpg,,,,2022-11-24,,1,1,,2,2023-10-14 12:50:17,1,
193,2,荒神 2,,,1080,972,aragami2.jpg,,,,2022-11-24,,4,0,,3,2023-10-18 9:29:20,1,
194,2,Code：Realize ∼白銀的奇蹟∼,,,1480,1332,Code：Realize.jpg,,,,2022-11-24,,3,0,,4,2023-10-10 10:29:08,1,
195,4,魚人船（Ship of Fools）,,,300,270,Ship of Fools.jpg,,,,2022-11-22,,3,1,,5,2023-10-15 12:50:18,1,
196,1,寶可夢 朱,,,700,630,pokemon red.jpg,,,,2022-11-18,,2,1,,1,2023-10-15 12:50:18,1,
197,1,寶可夢 紫,,,700,630,pokemon violet.jpg,,,,2022-11-18,,2,1,,2,2023-10-15 12:50:18,1,
198,4,RWBY: Arrowfell,,,750,675,rwby.jpg,,,,2022-11-15,,3,0,,3,2023-10-10 10:29:09,1,
199,6,藍色小精靈競速賽車,,,990,891,smurfs.jpg,,,,2022-11-15,,1,1,,4,2023-10-15 12:50:19,1,
200,2,預言奇談（Foretales ）,,,650,585,Foretales.jpg,,,,2022-11-15,,3,0,,5,2023-10-15 12:50:19,1,
,,,,,,,,,,,,,,,,,,,
,,,,,,,,,,,,,,,,,,,
,,,,,,,,,,,,,,,,,,,
,,,,,,,,,,,,,,,,,,,
,,,,,,,,,,,,,,,,,,,
,,,,,,,,,,,,,,,,,,,
,,,,,,,,,,,,,,,,,,,
,,,,,,,,,,,,,,,,,,,
,,,,,,,,,,,,,,,,,,,
,,,,,,,,,,,,,,,,,,,
,,,,,,,,,,,,,,,,,,,
,,,,,,,,,,,,,,,,,,,
,,,,,,,,,,,,,,,,,,,
,,,,,,,,,,,,,,,,,,,
,,,,,,,,,,,,,,,,,,,
,,,,,,,,,,,,,,,,,,,
,,,,,,,,,,,,,,,,,,,
,,,,,,,,,,,,,,,,,,,
,,,,,,,,,,,,,,,,,,,
,,,,,,,,,,,,,,,,,,,
,,,,,,,,,,,,,,,,,,,
,,,,,,,,,,,,,,,,,,,
,,,,,,,,,,,,,,,,,,,
,,,,,,,,,,,,,,,,,,,
,,,,,,,,,,,,,,,,,,,
,,,,,,,,,,,,,,,,,,,
,,,,,,,,,,,,,,,,,,,
,,,,,,,,,,,,,,,,,,,
,,,,,,,,,,,,,,,,,,,
,,,,,,,,,,,,,,,,,,,
,,,,,,,,,,,,,,,,,,,
,,,,,,,,,,,,,,,,,,,
,,,,,,,,,,,,,,,,,,,
,,,,,,,,,,,,,,,,,,,
,,,,,,,,,,,,,,,,,,,
,,,,,,,,,,,,,,,,,,,
,,,,,,,,,,,,,,,,,,,
,,,,,,,,,,,,,,,,,,,
,,,,,,,,,,,,,,,,,,,
,,,,,,,,,,,,,,,,,,,
,,,,,,,,,,,,,,,,,,,
,,,,,,,,,,,,,,,,,,,
,,,,,,,,,,,,,,,,,,,
,,,,,,,,,,,,,,,,,,,
,,,,,,,,,,,,,,,,,,,
,,,,,,,,,,,,,,,,,,,
,,,,,,,,,,,,,,,,,,,
,,,,,,,,,,,,,,,,,,,
,,,,,,,,,,,,,,,,,,,
,,,,,,,,,,,,,,,,,,,
,,,,,,,,,,,,,,,,,,,
,,,,,,,,,,,,,,,,,,,
,,,,,,,,,,,,,,,,,,,
,,,,,,,,,,,,,,,,,,,
,,,,,,,,,,,,,,,,,,,
,,,,,,,,,,,,,,,,,,,
,,,,,,,,,,,,,,,,,,,
,,,,,,,,,,,,,,,,,,,
,,,,,,,,,,,,,,,,,,,
,,,,,,,,,,,,,,,,,,,
,,,,,,,,,,,,,,,,,,,
,,,,,,,,,,,,,,,,,,,
,,,,,,,,,,,,,,,,,,,
,,,,,,,,,,,,,,,,,,,
,,,,,,,,,,,,,,,,,,,
,,,,,,,,,,,,,,,,,,,
,,,,,,,,,,,,,,,,,,,
,,,,,,,,,,,,,,,,,,,
,,,,,,,,,,,,,,,,,,,
,,,,,,,,,,,,,,,,,,,
,,,,,,,,,,,,,,,,,,,
,,,,,,,,,,,,,,,,,,,
,,,,,,,,,,,,,,,,,,,
,,,,,,,,,,,,,,,,,,,
,,,,,,,,,,,,,,,,,,,
,,,,,,,,,,,,,,,,,,,
,,,,,,,,,,,,,,,,,,,
,,,,,,,,,,,,,,,,,,,
,,,,,,,,,,,,,,,,,,,
,,,,,,,,,,,,,,,,,,,
,,,,,,,,,,,,,,,,,,,
,,,,,,,,,,,,,,,,,,,
,,,,,,,,,,,,,,,,,,,
,,,,,,,,,,,,,,,,,,,
,,,,,,,,,,,,,,,,,,,
,,,,,,,,,,,,,,,,,,,
,,,,,,,,,,,,,,,,,,,
,,,,,,,,,,,,,,,,,,,
,,,,,,,,,,,,,,,,,,,
,,,,,,,,,,,,,,,,,,,
,,,,,,,,,,,,,,,,,,,
,,,,,,,,,,,,,,,,,,,
,,,,,,,,,,,,,,,,,,,
,,,,,,,,,,,,,,,,,,,
,,,,,,,,,,,,,,,,,,,
,,,,,,,,,,,,,,,,,,,
,,,,,,,,,,,,,,,,,,,
,,,,,,,,,,,,,,,,,,,
,,,,,,,,,,,,,,,,,,,
,,,,,,,,,,,,,,,,,,,
,,,,,,,,,,,,,,,,,,,
,,,,,,,,,,,,,,,,,,,
,,,,,,,,,,,,,,,,,,,
,,,,,,,,,,,,,,,,,,,
,,,,,,,,,,,,,,,,,,,
,,,,,,,,,,,,,,,,,,,
,,,,,,,,,,,,,,,,,,,
,,,,,,,,,,,,,,,,,,,
,,,,,,,,,,,,,,,,,,,
,,,,,,,,,,,,,,,,,,,
,,,,,,,,,,,,,,,,,,,
,,,,,,,,,,,,,,,,,,,
,,,,,,,,,,,,,,,,,,,
,,,,,,,,,,,,,,,,,,,
,,,,,,,,,,,,,,,,,,,
,,,,,,,,,,,,,,,,,,,
,,,,,,,,,,,,,,,,,,,
,,,,,,,,,,,,,,,,,,,
,,,,,,,,,,,,,,,,,,,
,,,,,,,,,,,,,,,,,,,
,,,,,,,,,,,,,,,,,,,
,,,,,,,,,,,,,,,,,,,
,,,,,,,,,,,,,,,,,,,
,,,,,,,,,,,,,,,,,,,
,,,,,,,,,,,,,,,,,,,
,,,,,,,,,,,,,,,,,,,
,,,,,,,,,,,,,,,,,,,
,,,,,,,,,,,,,,,,,,,
,,,,,,,,,,,,,,,,,,,
,,,,,,,,,,,,,,,,,,,
,,,,,,,,,,,,,,,,,,,
,,,,,,,,,,,,,,,,,,,
,,,,,,,,,,,,,,,,,,,
,,,,,,,,,,,,,,,,,,,
,,,,,,,,,,,,,,,,,,,
,,,,,,,,,,,,,,,,,,,
,,,,,,,,,,,,,,,,,,,
,,,,,,,,,,,,,,,,,,,
,,,,,,,,,,,,,,,,,,,
,,,,,,,,,,,,,,,,,,,
,,,,,,,,,,,,,,,,,,,
,,,,,,,,,,,,,,,,,,,
,,,,,,,,,,,,,,,,,,,
,,,,,,,,,,,,,,,,,,,
,,,,,,,,,,,,,,,,,,,
,,,,,,,,,,,,,,,,,,,
,,,,,,,,,,,,,,,,,,,
,,,,,,,,,,,,,,,,,,,
,,,,,,,,,,,,,,,,,,,
,,,,,,,,,,,,,,,,,,,
,,,,,,,,,,,,,,,,,,,
,,,,,,,,,,,,,,,,,,,
,,,,,,,,,,,,,,,,,,,
,,,,,,,,,,,,,,,,,,,
,,,,,,,,,,,,,,,,,,,
,,,,,,,,,,,,,,,,,,,
,,,,,,,,,,,,,,,,,,,
,,,,,,,,,,,,,,,,,,,
,,,,,,,,,,,,,,,,,,,
,,,,,,,,,,,,,,,,,,,
,,,,,,,,,,,,,,,,,,,
,,,,,,,,,,,,,,,,,,,
,,,,,,,,,,,,,,,,,,,
,,,,,,,,,,,,,,,,,,,
,,,,,,,,,,,,,,,,,,,
,,,,,,,,,,,,,,,,,,,
,,,,,,,,,,,,,,,,,,,
,,,,,,,,,,,,,,,,,,,
,,,,,,,,,,,,,,,,,,,
,,,,,,,,,,,,,,,,,,,
,,,,,,,,,,,,,,,,,,,
,,,,,,,,,,,,,,,,,,,
,,,,,,,,,,,,,,,,,,,
,,,,,,,,,,,,,,,,,,,
,,,,,,,,,,,,,,,,,,,
,,,,,,,,,,,,,,,,,,,
,,,,,,,,,,,,,,,,,,,
,,,,,,,,,,,,,,,,,,,
,,,,,,,,,,,,,,,,,,,
,,,,,,,,,,,,,,,,,,,
,,,,,,,,,,,,,,,,,,,
,,,,,,,,,,,,,,,,,,,
,,,,,,,,,,,,,,,,,,,
,,,,,,,,,,,,,,,,,,,
,,,,,,,,,,,,,,,,,,,
,,,,,,,,,,,,,,,,,,,
,,,,,,,,,,,,,,,,,,,
,,,,,,,,,,,,,,,,,,,
,,,,,,,,,,,,,,,,,,,
,,,,,,,,,,,,,,,,,,,
,,,,,,,,,,,,,,,,,,,
,,,,,,,,,,,,,,,,,,,
,,,,,,,,,,,,,,,,,,,
,,,,,,,,,,,,,,,,,,,
,,,,,,,,,,,,,,,,,,,
,,,,,,,,,,,,,,,,,,,
,,,,,,,,,,,,,,,,,,,
,,,,,,,,,,,,,,,,,,,
,,,,,,,,,,,,,,,,,,,
,,,,,,,,,,,,,,,,,,,
,,,,,,,,,,,,,,,,,,,
,,,,,,,,,,,,,,,,,,,
,,,,,,,,,,,,,,,,,,,
,,,,,,,,,,,,,,,,,,,
,,,,,,,,,,,,,,,,,,,
,,,,,,,,,,,,,,,,,,,
,,,,,,,,,,,,,,,,,,,
,,,,,,,,,,,,,,,,,,,
,,,,,,,,,,,,,,,,,,,
,,,,,,,,,,,,,,,,,,,
,,,,,,,,,,,,,,,,,,,
,,,,,,,,,,,,,,,,,,,
,,,,,,,,,,,,,,,,,,,
,,,,,,,,,,,,,,,,,,,
,,,,,,,,,,,,,,,,,,,
,,,,,,,,,,,,,,,,,,,
,,,,,,,,,,,,,,,,,,,
,,,,,,,,,,,,,,,,,,,
,,,,,,,,,,,,,,,,,,,
,,,,,,,,,,,,,,,,,,,
,,,,,,,,,,,,,,,,,,,
,,,,,,,,,,,,,,,,,,,
,,,,,,,,,,,,,,,,,,,
,,,,,,,,,,,,,,,,,,,
,,,,,,,,,,,,,,,,,,,
,,,,,,,,,,,,,,,,,,,
,,,,,,,,,,,,,,,,,,,
,,,,,,,,,,,,,,,,,,,
,,,,,,,,,,,,,,,,,,,
,,,,,,,,,,,,,,,,,,,
,,,,,,,,,,,,,,,,,,,
,,,,,,,,,,,,,,,,,,,
,,,,,,,,,,,,,,,,,,,
,,,,,,,,,,,,,,,,,,,
,,,,,,,,,,,,,,,,,,,
,,,,,,,,,,,,,,,,,,,
,,,,,,,,,,,,,,,,,,,
,,,,,,,,,,,,,,,,,,,
,,,,,,,,,,,,,,,,,,,
,,,,,,,,,,,,,,,,,,,
,,,,,,,,,,,,,,,,,,,
,,,,,,,,,,,,,,,,,,,
,,,,,,,,,,,,,,,,,,,
,,,,,,,,,,,,,,,,,,,
,,,,,,,,,,,,,,,,,,,
,,,,,,,,,,,,,,,,,,,
,,,,,,,,,,,,,,,,,,,
,,,,,,,,,,,,,,,,,,,
,,,,,,,,,,,,,,,,,,,
,,,,,,,,,,,,,,,,,,,
,,,,,,,,,,,,,,,,,,,
,,,,,,,,,,,,,,,,,,,
,,,,,,,,,,,,,,,,,,,
,,,,,,,,,,,,,,,,,,,
,,,,,,,,,,,,,,,,,,,
,,,,,,,,,,,,,,,,,,,
,,,,,,,,,,,,,,,,,,,
,,,,,,,,,,,,,,,,,,,
,,,,,,,,,,,,,,,,,,,
,,,,,,,,,,,,,,,,,,,
,,,,,,,,,,,,,,,,,,,
,,,,,,,,,,,,,,,,,,,
,,,,,,,,,,,,,,,,,,,
,,,,,,,,,,,,,,,,,,,
,,,,,,,,,,,,,,,,,,,
,,,,,,,,,,,,,,,,,,,
,,,,,,,,,,,,,,,,,,,
,,,,,,,,,,,,,,,,,,,
,,,,,,,,,,,,,,,,,,,
,,,,,,,,,,,,,,,,,,,
,,,,,,,,,,,,,,,,,,,
,,,,,,,,,,,,,,,,,,,
,,,,,,,,,,,,,,,,,,,
,,,,,,,,,,,,,,,,,,,
,,,,,,,,,,,,,,,,,,,
,,,,,,,,,,,,,,,,,,,
,,,,,,,,,,,,,,,,,,,
,,,,,,,,,,,,,,,,,,,
,,,,,,,,,,,,,,,,,,,
,,,,,,,,,,,,,,,,,,,
,,,,,,,,,,,,,,,,,,,
,,,,,,,,,,,,,,,,,,,
,,,,,,,,,,,,,,,,,,,
,,,,,,,,,,,,,,,,,,,
,,,,,,,,,,,,,,,,,,,
,,,,,,,,,,,,,,,,,,,
,,,,,,,,,,,,,,,,,,,
,,,,,,,,,,,,,,,,,,,
,,,,,,,,,,,,,,,,,,,
,,,,,,,,,,,,,,,,,,,
,,,,,,,,,,,,,,,,,,,
,,,,,,,,,,,,,,,,,,,
,,,,,,,,,,,,,,,,,,,
,,,,,,,,,,,,,,,,,,,
,,,,,,,,,,,,,,,,,,,
,,,,,,,,,,,,,,,,,,,
,,,,,,,,,,,,,,,,,,,
,,,,,,,,,,,,,,,,,,,
,,,,,,,,,,,,,,,,,,,
,,,,,,,,,,,,,,,,,,,
,,,,,,,,,,,,,,,,,,,
,,,,,,,,,,,,,,,,,,,
,,,,,,,,,,,,,,,,,,,
,,,,,,,,,,,,,,,,,,,
,,,,,,,,,,,,,,,,,,,
,,,,,,,,,,,,,,,,,,,
,,,,,,,,,,,,,,,,,,,
,,,,,,,,,,,,,,,,,,,
,,,,,,,,,,,,,,,,,,,
,,,,,,,,,,,,,,,,,,,
,,,,,,,,,,,,,,,,,,,
,,,,,,,,,,,,,,,,,,,
,,,,,,,,,,,,,,,,,,,
,,,,,,,,,,,,,,,,,,,
,,,,,,,,,,,,,,,,,,,
,,,,,,,,,,,,,,,,,,,
,,,,,,,,,,,,,,,,,,,
,,,,,,,,,,,,,,,,,,,
,,,,,,,,,,,,,,,,,,,
,,,,,,,,,,,,,,,,,,,
,,,,,,,,,,,,,,,,,,,
,,,,,,,,,,,,,,,,,,,
,,,,,,,,,,,,,,,,,,,
,,,,,,,,,,,,,,,,,,,
,,,,,,,,,,,,,,,,,,,
,,,,,,,,,,,,,,,,,,,
,,,,,,,,,,,,,,,,,,,
,,,,,,,,,,,,,,,,,,,
,,,,,,,,,,,,,,,,,,,
,,,,,,,,,,,,,,,,,,,
,,,,,,,,,,,,,,,,,,,
,,,,,,,,,,,,,,,,,,,
,,,,,,,,,,,,,,,,,,,
,,,,,,,,,,,,,,,,,,,
,,,,,,,,,,,,,,,,,,,
,,,,,,,,,,,,,,,,,,,
,,,,,,,,,,,,,,,,,,,
,,,,,,,,,,,,,,,,,,,
,,,,,,,,,,,,,,,,,,,
,,,,,,,,,,,,,,,,,,,
,,,,,,,,,,,,,,,,,,,
,,,,,,,,,,,,,,,,,,,
,,,,,,,,,,,,,,,,,,,
,,,,,,,,,,,,,,,,,,,
,,,,,,,,,,,,,,,,,,,
,,,,,,,,,,,,,,,,,,,
,,,,,,,,,,,,,,,,,,,
,,,,,,,,,,,,,,,,,,,
,,,,,,,,,,,,,,,,,,,
,,,,,,,,,,,,,,,,,,,
,,,,,,,,,,,,,,,,,,,
,,,,,,,,,,,,,,,,,,,
,,,,,,,,,,,,,,,,,,,
,,,,,,,,,,,,,,,,,,,
,,,,,,,,,,,,,,,,,,,
,,,,,,,,,,,,,,,,,,,
,,,,,,,,,,,,,,,,,,,
,,,,,,,,,,,,,,,,,,,
,,,,,,,,,,,,,,,,,,,
,,,,,,,,,,,,,,,,,,,
,,,,,,,,,,,,,,,,,,,
,,,,,,,,,,,,,,,,,,,
,,,,,,,,,,,,,,,,,,,
,,,,,,,,,,,,,,,,,,,
,,,,,,,,,,,,,,,,,,,
,,,,,,,,,,,,,,,,,,,
,,,,,,,,,,,,,,,,,,,
,,,,,,,,,,,,,,,,,,,
,,,,,,,,,,,,,,,,,,,
,,,,,,,,,,,,,,,,,,,
,,,,,,,,,,,,,,,,,,,
,,,,,,,,,,,,,,,,,,,
,,,,,,,,,,,,,,,,,,,
,,,,,,,,,,,,,,,,,,,
,,,,,,,,,,,,,,,,,,,
,,,,,,,,,,,,,,,,,,,
,,,,,,,,,,,,,,,,,,,
,,,,,,,,,,,,,,,,,,,
,,,,,,,,,,,,,,,,,,,
,,,,,,,,,,,,,,,,,,,
,,,,,,,,,,,,,,,,,,,
,,,,,,,,,,,,,,,,,,,
,,,,,,,,,,,,,,,,,,,
,,,,,,,,,,,,,,,,,,,
,,,,,,,,,,,,,,,,,,,
,,,,,,,,,,,,,,,,,,,
,,,,,,,,,,,,,,,,,,,
,,,,,,,,,,,,,,,,,,,
,,,,,,,,,,,,,,,,,,,
,,,,,,,,,,,,,,,,,,,
,,,,,,,,,,,,,,,,,,,
,,,,,,,,,,,,,,,,,,,
,,,,,,,,,,,,,,,,,,,
,,,,,,,,,,,,,,,,,,,
,,,,,,,,,,,,,,,,,,,
,,,,,,,,,,,,,,,,,,,
,,,,,,,,,,,,,,,,,,,
,,,,,,,,,,,,,,,,,,,
,,,,,,,,,,,,,,,,,,,
,,,,,,,,,,,,,,,,,,,
,,,,,,,,,,,,,,,,,,,
,,,,,,,,,,,,,,,,,,,
,,,,,,,,,,,,,,,,,,,
,,,,,,,,,,,,,,,,,,,
,,,,,,,,,,,,,,,,,,,
,,,,,,,,,,,,,,,,,,,
,,,,,,,,,,,,,,,,,,,
,,,,,,,,,,,,,,,,,,,
,,,,,,,,,,,,,,,,,,,
,,,,,,,,,,,,,,,,,,,
,,,,,,,,,,,,,,,,,,,
,,,,,,,,,,,,,,,,,,,
,,,,,,,,,,,,,,,,,,,
,,,,,,,,,,,,,,,,,,,
,,,,,,,,,,,,,,,,,,,
,,,,,,,,,,,,,,,,,,,
,,,,,,,,,,,,,,,,,,,
,,,,,,,,,,,,,,,,,,,
,,,,,,,,,,,,,,,,,,,
,,,,,,,,,,,,,,,,,,,
,,,,,,,,,,,,,,,,,,,
,,,,,,,,,,,,,,,,,,,
,,,,,,,,,,,,,,,,,,,
,,,,,,,,,,,,,,,,,,,
,,,,,,,,,,,,,,,,,,,
,,,,,,,,,,,,,,,,,,,
,,,,,,,,,,,,,,,,,,,
,,,,,,,,,,,,,,,,,,,
,,,,,,,,,,,,,,,,,,,
,,,,,,,,,,,,,,,,,,,
,,,,,,,,,,,,,,,,,,,
,,,,,,,,,,,,,,,,,,,
,,,,,,,,,,,,,,,,,,,
,,,,,,,,,,,,,,,,,,,
,,,,,,,,,,,,,,,,,,,
,,,,,,,,,,,,,,,,,,,
,,,,,,,,,,,,,,,,,,,
,,,,,,,,,,,,,,,,,,,
,,,,,,,,,,,,,,,,,,,
,,,,,,,,,,,,,,,,,,,
,,,,,,,,,,,,,,,,,,,
,,,,,,,,,,,,,,,,,,,
,,,,,,,,,,,,,,,,,,,
,,,,,,,,,,,,,,,,,,,
,,,,,,,,,,,,,,,,,,,
,,,,,,,,,,,,,,,,,,,
,,,,,,,,,,,,,,,,,,,
,,,,,,,,,,,,,,,,,,,
,,,,,,,,,,,,,,,,,,,
,,,,,,,,,,,,,,,,,,,
,,,,,,,,,,,,,,,,,,,
,,,,,,,,,,,,,,,,,,,
,,,,,,,,,,,,,,,,,,,
,,,,,,,,,,,,,,,,,,,
,,,,,,,,,,,,,,,,,,,
,,,,,,,,,,,,,,,,,,,
,,,,,,,,,,,,,,,,,,,
,,,,,,,,,,,,,,,,,,,
,,,,,,,,,,,,,,,,,,,
,,,,,,,,,,,,,,,,,,,
,,,,,,,,,,,,,,,,,,,
,,,,,,,,,,,,,,,,,,,
,,,,,,,,,,,,,,,,,,,
,,,,,,,,,,,,,,,,,,,
,,,,,,,,,,,,,,,,,,,
,,,,,,,,,,,,,,,,,,,
,,,,,,,,,,,,,,,,,,,
,,,,,,,,,,,,,,,,,,,
,,,,,,,,,,,,,,,,,,,
,,,,,,,,,,,,,,,,,,,
,,,,,,,,,,,,,,,,,,,
,,,,,,,,,,,,,,,,,,,
,,,,,,,,,,,,,,,,,,,
,,,,,,,,,,,,,,,,,,,
,,,,,,,,,,,,,,,,,,,
,,,,,,,,,,,,,,,,,,,
,,,,,,,,,,,,,,,,,,,
,,,,,,,,,,,,,,,,,,,
,,,,,,,,,,,,,,,,,,,
,,,,,,,,,,,,,,,,,,,
,,,,,,,,,,,,,,,,,,,
,,,,,,,,,,,,,,,,,,,
,,,,,,,,,,,,,,,,,,,
,,,,,,,,,,,,,,,,,,,
,,,,,,,,,,,,,,,,,,,
,,,,,,,,,,,,,,,,,,,
,,,,,,,,,,,,,,,,,,,
,,,,,,,,,,,,,,,,,,,
,,,,,,,,,,,,,,,,,,,
,,,,,,,,,,,,,,,,,,,
,,,,,,,,,,,,,,,,,,,
,,,,,,,,,,,,,,,,,,,
,,,,,,,,,,,,,,,,,,,
,,,,,,,,,,,,,,,,,,,
,,,,,,,,,,,,,,,,,,,
,,,,,,,,,,,,,,,,,,,
,,,,,,,,,,,,,,,,,,,
,,,,,,,,,,,,,,,,,,,
,,,,,,,,,,,,,,,,,,,
,,,,,,,,,,,,,,,,,,,
,,,,,,,,,,,,,,,,,,,
,,,,,,,,,,,,,,,,,,,
,,,,,,,,,,,,,,,,,,,
,,,,,,,,,,,,,,,,,,,
,,,,,,,,,,,,,,,,,,,
,,,,,,,,,,,,,,,,,,,
,,,,,,,,,,,,,,,,,,,
,,,,,,,,,,,,,,,,,,,
,,,,,,,,,,,,,,,,,,,
,,,,,,,,,,,,,,,,,,,
,,,,,,,,,,,,,,,,,,,
,,,,,,,,,,,,,,,,,,,
,,,,,,,,,,,,,,,,,,,
,,,,,,,,,,,,,,,,,,,
,,,,,,,,,,,,,,,,,,,
,,,,,,,,,,,,,,,,,,,
,,,,,,,,,,,,,,,,,,,
,,,,,,,,,,,,,,,,,,,
,,,,,,,,,,,,,,,,,,,
,,,,,,,,,,,,,,,,,,,
,,,,,,,,,,,,,,,,,,,
,,,,,,,,,,,,,,,,,,,
,,,,,,,,,,,,,,,,,,,
,,,,,,,,,,,,,,,,,,,
,,,,,,,,,,,,,,,,,,,
,,,,,,,,,,,,,,,,,,,
,,,,,,,,,,,,,,,,,,,
,,,,,,,,,,,,,,,,,,,
,,,,,,,,,,,,,,,,,,,
,,,,,,,,,,,,,,,,,,,
,,,,,,,,,,,,,,,,,,,
,,,,,,,,,,,,,,,,,,,
,,,,,,,,,,,,,,,,,,,
,,,,,,,,,,,,,,,,,,,
,,,,,,,,,,,,,,,,,,,
,,,,,,,,,,,,,,,,,,,
,,,,,,,,,,,,,,,,,,,
,,,,,,,,,,,,,,,,,,,
,,,,,,,,,,,,,,,,,,,
,,,,,,,,,,,,,,,,,,,
,,,,,,,,,,,,,,,,,,,
,,,,,,,,,,,,,,,,,,,
,,,,,,,,,,,,,,,,,,,
,,,,,,,,,,,,,,,,,,,
,,,,,,,,,,,,,,,,,,,
,,,,,,,,,,,,,,,,,,,
,,,,,,,,,,,,,,,,,,,
,,,,,,,,,,,,,,,,,,,
,,,,,,,,,,,,,,,,,,,
,,,,,,,,,,,,,,,,,,,
,,,,,,,,,,,,,,,,,,,
,,,,,,,,,,,,,,,,,,,
,,,,,,,,,,,,,,,,,,,
,,,,,,,,,,,,,,,,,,,
,,,,,,,,,,,,,,,,,,,
,,,,,,,,,,,,,,,,,,,
,,,,,,,,,,,,,,,,,,,
,,,,,,,,,,,,,,,,,,,
,,,,,,,,,,,,,,,,,,,
,,,,,,,,,,,,,,,,,,,
,,,,,,,,,,,,,,,,,,,
,,,,,,,,,,,,,,,,,,,
,,,,,,,,,,,,,,,,,,,
,,,,,,,,,,,,,,,,,,,
,,,,,,,,,,,,,,,,,,,
,,,,,,,,,,,,,,,,,,,
,,,,,,,,,,,,,,,,,,,
,,,,,,,,,,,,,,,,,,,
,,,,,,,,,,,,,,,,,,,
,,,,,,,,,,,,,,,,,,,
,,,,,,,,,,,,,,,,,,,
,,,,,,,,,,,,,,,,,,,
,,,,,,,,,,,,,,,,,,,
,,,,,,,,,,,,,,,,,,,
,,,,,,,,,,,,,,,,,,,
,,,,,,,,,,,,,,,,,,,
,,,,,,,,,,,,,,,,,,,
,,,,,,,,,,,,,,,,,,,
,,,,,,,,,,,,,,,,,,,
,,,,,,,,,,,,,,,,,,,
,,,,,,,,,,,,,,,,,,,
,,,,,,,,,,,,,,,,,,,
,,,,,,,,,,,,,,,,,,,
,,,,,,,,,,,,,,,,,,,
,,,,,,,,,,,,,,,,,,,
,,,,,,,,,,,,,,,,,,,
,,,,,,,,,,,,,,,,,,,
,,,,,,,,,,,,,,,,,,,
,,,,,,,,,,,,,,,,,,,
,,,,,,,,,,,,,,,,,,,
,,,,,,,,,,,,,,,,,,,
,,,,,,,,,,,,,,,,,,,
,,,,,,,,,,,,,,,,,,,
,,,,,,,,,,,,,,,,,,,
,,,,,,,,,,,,,,,,,,,
,,,,,,,,,,,,,,,,,,,
,,,,,,,,,,,,,,,,,,,
,,,,,,,,,,,,,,,,,,,
,,,,,,,,,,,,,,,,,,,
,,,,,,,,,,,,,,,,,,,
,,,,,,,,,,,,,,,,,,,
,,,,,,,,,,,,,,,,,,,
,,,,,,,,,,,,,,,,,,,
,,,,,,,,,,,,,,,,,,,
,,,,,,,,,,,,,,,,,,,
,,,,,,,,,,,,,,,,,,,
,,,,,,,,,,,,,,,,,,,
,,,,,,,,,,,,,,,,,,,
,,,,,,,,,,,,,,,,,,,
,,,,,,,,,,,,,,,,,,,
,,,,,,,,,,,,,,,,,,,
,,,,,,,,,,,,,,,,,,,
,,,,,,,,,,,,,,,,,,,
,,,,,,,,,,,,,,,,,,,
,,,,,,,,,,,,,,,,,,,
,,,,,,,,,,,,,,,,,,,
,,,,,,,,,,,,,,,,,,,
,,,,,,,,,,,,,,,,,,,
,,,,,,,,,,,,,,,,,,,
,,,,,,,,,,,,,,,,,,,
,,,,,,,,,,,,,,,,,,,
,,,,,,,,,,,,,,,,,,,
,,,,,,,,,,,,,,,,,,,
,,,,,,,,,,,,,,,,,,,
,,,,,,,,,,,,,,,,,,,
,,,,,,,,,,,,,,,,,,,
,,,,,,,,,,,,,,,,,,,
,,,,,,,,,,,,,,,,,,,
,,,,,,,,,,,,,,,,,,,
,,,,,,,,,,,,,,,,,,,
,,,,,,,,,,,,,,,,,,,
,,,,,,,,,,,,,,,,,,,
,,,,,,,,,,,,,,,,,,,
,,,,,,,,,,,,,,,,,,,
,,,,,,,,,,,,,,,,,,,
,,,,,,,,,,,,,,,,,,,
,,,,,,,,,,,,,,,,,,,
,,,,,,,,,,,,,,,,,,,
,,,,,,,,,,,,,,,,,,,
,,,,,,,,,,,,,,,,,,,
,,,,,,,,,,,,,,,,,,,
,,,,,,,,,,,,,,,,,,,
,,,,,,,,,,,,,,,,,,,
,,,,,,,,,,,,,,,,,,,
,,,,,,,,,,,,,,,,,,,
,,,,,,,,,,,,,,,,,,,
,,,,,,,,,,,,,,,,,,,
,,,,,,,,,,,,,,,,,,,
,,,,,,,,,,,,,,,,,,,
,,,,,,,,,,,,,,,,,,,
,,,,,,,,,,,,,,,,,,,
,,,,,,,,,,,,,,,,,,,
,,,,,,,,,,,,,,,,,,,
,,,,,,,,,,,,,,,,,,,
,,,,,,,,,,,,,,,,,,,
,,,,,,,,,,,,,,,,,,,
,,,,,,,,,,,,,,,,,,,
,,,,,,,,,,,,,,,,,,,
,,,,,,,,,,,,,,,,,,,
,,,,,,,,,,,,,,,,,,,
,,,,,,,,,,,,,,,,,,,
,,,,,,,,,,,,,,,,,,,
,,,,,,,,,,,,,,,,,,,
,,,,,,,,,,,,,,,,,,,
,,,,,,,,,,,,,,,,,,,
,,,,,,,,,,,,,,,,,,,
,,,,,,,,,,,,,,,,,,,
,,,,,,,,,,,,,,,,,,,
,,,,,,,,,,,,,,,,,,,
,,,,,,,,,,,,,,,,,,,
,,,,,,,,,,,,,,,,,,,
,,,,,,,,,,,,,,,,,,,
,,,,,,,,,,,,,,,,,,,
,,,,,,,,,,,,,,,,,,,
,,,,,,,,,,,,,,,,,,,
,,,,,,,,,,,,,,,,,,,
,,,,,,,,,,,,,,,,,,,
,,,,,,,,,,,,,,,,,,,
,,,,,,,,,,,,,,,,,,,
,,,,,,,,,,,,,,,,,,,
,,,,,,,,,,,,,,,,,,,
,,,,,,,,,,,,,,,,,,,
,,,,,,,,,,,,,,,,,,,
,,,,,,,,,,,,,,,,,,,
,,,,,,,,,,,,,,,,,,,
,,,,,,,,,,,,,,,,,,,
,,,,,,,,,,,,,,,,,,,
,,,,,,,,,,,,,,,,,,,
,,,,,,,,,,,,,,,,,,,
,,,,,,,,,,,,,,,,,,,
,,,,,,,,,,,,,,,,,,,
,,,,,,,,,,,,,,,,,,,
,,,,,,,,,,,,,,,,,,,
,,,,,,,,,,,,,,,,,,,
,,,,,,,,,,,,,,,,,,,
,,,,,,,,,,,,,,,,,,,
,,,,,,,,,,,,,,,,,,,
,,,,,,,,,,,,,,,,,,,
,,,,,,,,,,,,,,,,,,,
,,,,,,,,,,,,,,,,,,,
,,,,,,,,,,,,,,,,,,,
,,,,,,,,,,,,,,,,,,,
,,,,,,,,,,,,,,,,,,,
,,,,,,,,,,,,,,,,,,,
,,,,,,,,,,,,,,,,,,,
,,,,,,,,,,,,,,,,,,,
,,,,,,,,,,,,,,,,,,,
,,,,,,,,,,,,,,,,,,,
,,,,,,,,,,,,,,,,,,,
,,,,,,,,,,,,,,,,,,,
,,,,,,,,,,,,,,,,,,,
,,,,,,,,,,,,,,,,,,,
,,,,,,,,,,,,,,,,,,,
,,,,,,,,,,,,,,,,,,,
,,,,,,,,,,,,,,,,,,,
,,,,,,,,,,,,,,,,,,,
,,,,,,,,,,,,,,,,,,,
,,,,,,,,,,,,,,,,,,,
,,,,,,,,,,,,,,,,,,,
,,,,,,,,,,,,,,,,,,,
,,,,,,,,,,,,,,,,,,,
,,,,,,,,,,,,,,,,,,,
,,,,,,,,,,,,,,,,,,,
,,,,,,,,,,,,,,,,,,,
,,,,,,,,,,,,,,,,,,,
,,,,,,,,,,,,,,,,,,,
,,,,,,,,,,,,,,,,,,,
,,,,,,,,,,,,,,,,,,,
,,,,,,,,,,,,,,,,,,,
,,,,,,,,,,,,,,,,,,,
,,,,,,,,,,,,,,,,,,,
,,,,,,,,,,,,,,,,,,,
,,,,,,,,,,,,,,,,,,,
,,,,,,,,,,,,,,,,,,,
,,,,,,,,,,,,,,,,,,,
,,,,,,,,,,,,,,,,,,,
,,,,,,,,,,,,,,,,,,,
,,,,,,,,,,,,,,,,,,,
,,,,,,,,,,,,,,,,,,,
,,,,,,,,,,,,,,,,,,,
,,,,,,,,,,,,,,,,,,,
,,,,,,,,,,,,,,,,,,,
,,,,,,,,,,,,,,,,,,,
,,,,,,,,,,,,,,,,,,,
,,,,,,,,,,,,,,,,,,,
,,,,,,,,,,,,,,,,,,,
,,,,,,,,,,,,,,,,,,,
,,,,,,,,,,,,,,,,,,,
,,,,,,,,,,,,,,,,,,,
,,,,,,,,,,,,,,,,,,,
,,,,,,,,,,,,,,,,,,,
,,,,,,,,,,,,,,,,,,,
,,,,,,,,,,,,,,,,,,,
,,,,,,,,,,,,,,,,,,,
,,,,,,,,,,,,,,,,,,,
,,,,,,,,,,,,,,,,,,,
,,,,,,,,,,,,,,,,,,,
,,,,,,,,,,,,,,,,,,,
,,,,,,,,,,,,,,,,,,,
,,,,,,,,,,,,,,,,,,,
,,,,,,,,,,,,,,,,,,,
,,,,,,,,,,,,,,,,,,,
,,,,,,,,,,,,,,,,,,,
,,,,,,,,,,,,,,,,,,,
,,,,,,,,,,,,,,,,,,,
,,,,,,,,,,,,,,,,,,,
,,,,,,,,,,,,,,,,,,,
,,,,,,,,,,,,,,,,,,,
,,,,,,,,,,,,,,,,,,,
,,,,,,,,,,,,,,,,,,,
,,,,,,,,,,,,,,,,,,,
,,,,,,,,,,,,,,,,,,,
,,,,,,,,,,,,,,,,,,,
,,,,,,,,,,,,,,,,,,,
,,,,,,,,,,,,,,,,,,,
,,,,,,,,,,,,,,,,,,,
,,,,,,,,,,,,,,,,,,,
,,,,,,,,,,,,,,,,,,,
,,,,,,,,,,,,,,,,,,,
,,,,,,,,,,,,,,,,,,,
,,,,,,,,,,,,,,,,,,,
,,,,,,,,,,,,,,,,,,,
,,,,,,,,,,,,,,,,,,,
,,,,,,,,,,,,,,,,,,,
,,,,,,,,,,,,,,,,,,,
,,,,,,,,,,,,,,,,,,,
,,,,,,,,,,,,,,,,,,,
,,,,,,,,,,,,,,,,,,,
,,,,,,,,,,,,,,,,,,,
,,,,,,,,,,,,,,,,,,,
,,,,,,,,,,,,,,,,,,,
,,,,,,,,,,,,,,,,,,,
,,,,,,,,,,,,,,,,,,,
,,,,,,,,,,,,,,,,,,,
,,,,,,,,,,,,,,,,,,,
,,,,,,,,,,,,,,,,,,,
,,,,,,,,,,,,,,,,,,,
,,,,,,,,,,,,,,,,,,,
,,,,,,,,,,,,,,,,,,,
